time	V(9)	V(10)
0.000000000000000e+000	0.000000e+000	0.000000e+000
1.797695920112127e-006	-2.451056e-014	2.451056e-014
3.595391840224255e-006	-2.084085e-014	2.084085e-014
5.393087760336383e-006	1.100914e-014	-1.100914e-014
7.190783680448510e-006	7.103939e-014	-7.103939e-014
8.988479600560637e-006	1.592499e-013	-1.592499e-013
1.078617552067277e-005	2.756407e-013	-2.756407e-013
1.258387144078489e-005	4.202118e-013	-4.202118e-013
2.516675488157082e-005	4.451737e-012	-4.451737e-012
3.045759046980054e-005	1.264899e-011	-1.264899e-011
3.402998262286305e-005	2.945680e-011	-2.945680e-011
3.621038517606451e-005	5.235001e-011	-5.235001e-011
3.932277978525044e-005	1.357965e-010	-1.357965e-010
4.105580137986024e-005	2.366904e-010	-2.366904e-010
4.263651576357238e-005	3.949488e-010	-3.949488e-010
4.434099174958390e-005	6.869195e-010	-6.869195e-010
4.594645493291104e-005	1.159784e-009	-1.159784e-009
4.762526420186376e-005	2.006207e-009	-2.006207e-009
4.924427869030483e-005	3.407078e-009	-3.407078e-009
5.090790091156791e-005	5.870703e-009	-5.870703e-009
5.253583061950298e-005	1.000312e-008	-1.000312e-008
5.419118176679629e-005	1.719400e-008	-1.719400e-008
5.582553316419431e-005	2.935402e-008	-2.935402e-008
5.747733575327049e-005	5.037850e-008	-5.037850e-008
5.911776356645316e-005	8.610392e-008	-8.610392e-008
6.077103357455041e-005	1.476277e-007	-1.476277e-007
6.242112309585460e-005	2.524608e-007	-2.524608e-007
6.408537750904514e-005	4.325390e-007	-4.325390e-007
6.575811138539943e-005	7.398791e-007	-7.398791e-007
6.745680322596348e-005	1.267222e-006	-1.267222e-006
6.918813642932620e-005	2.169431e-006	-2.169431e-006
7.097844688151695e-005	3.721844e-006	-3.721844e-006
7.285303055364463e-005	6.399182e-006	-6.399182e-006
7.485733980052895e-005	1.106094e-005	-1.106094e-005
7.704459836777357e-005	1.925102e-005	-1.925102e-005
7.949336930424392e-005	3.385125e-005	-3.385125e-005
8.230440658884436e-005	6.027660e-005	-6.027660e-005
8.562357344727383e-005	1.090593e-004	-1.090593e-004
8.965713036600368e-005	2.011293e-004	-2.011293e-004
9.472248186681276e-005	3.798902e-004	-3.798902e-004
1.013235241228469e-004	7.395876e-004	-7.395876e-004
1.103272819147849e-004	1.499320e-003	-1.499320e-003
1.232764332713673e-004	3.210594e-003	-3.210594e-003
1.434816323191433e-004	7.513659e-003	-7.513659e-003
1.789422153257729e-004	2.034990e-002	-2.034990e-002
2.498633813390320e-004	6.609206e-002	-6.609206e-002
3.917057133655502e-004	2.133246e-001	-2.133246e-001
5.283052308868242e-004	4.246940e-001	-4.246940e-001
7.103665035607381e-004	8.143078e-001	-8.143078e-001
9.238133184559153e-004	1.405691e+000	-1.405691e+000
1.216300622549964e-003	2.415572e+000	-2.415572e+000
1.603208941754244e-003	4.011962e+000	-4.011962e+000
2.154605032156012e-003	6.549776e+000	-6.549776e+000
2.239019424036913e-003	6.962129e+000	-6.962129e+000
2.450055403739167e-003	8.023607e+000	-8.023607e+000
2.629435986486082e-003	8.928797e+000	-8.928797e+000
2.634711885978639e-003	8.954937e+000	-8.954937e+000
2.645263684963751e-003	9.004553e+000	-9.004553e+000
2.646847860523020e-003	9.009768e+000	-9.009768e+000
2.650016211641558e-003	9.014801e+000	-9.014801e+000
2.656352913878635e-003	9.020168e+000	-9.020168e+000
2.665048608945913e-003	9.023991e+000	-9.023991e+000
2.673419212187096e-003	9.026075e+000	-9.026075e+000
2.723642831634193e-003	9.032136e+000	-9.032136e+000
2.770871354318034e-003	9.034396e+000	-9.034396e+000
2.818099877001874e-003	9.036357e+000	-9.036357e+000
2.865328399685714e-003	9.038019e+000	-9.038019e+000
2.912556922369554e-003	9.039381e+000	-9.039381e+000
2.959785445053395e-003	9.040445e+000	-9.040445e+000
3.007013967737235e-003	9.041209e+000	-9.041209e+000
3.054242490421075e-003	9.041674e+000	-9.041674e+000
3.308326706115706e-003	9.044933e+000	-9.044933e+000
3.816495137504969e-003	9.049448e+000	-9.049448e+000
4.082423162566631e-003	9.050968e+000	-9.050968e+000
4.350218649075365e-003	9.052040e+000	-9.052040e+000
4.608876919236987e-003	9.052933e+000	-9.052933e+000
4.995070596795159e-003	9.053886e+000	-9.053886e+000
5.415690004650528e-003	9.054415e+000	-9.054415e+000
6.070153253293444e-003	9.054585e+000	-9.054585e+000
6.768651818989444e-003	9.054446e+000	-9.054446e+000
7.506730578333848e-003	9.054214e+000	-9.054214e+000
8.483293078333848e-003	9.053913e+000	-9.053913e+000
9.459855578333848e-003	9.053616e+000	-9.053616e+000
1.043641807833385e-002	9.053536e+000	-9.053536e+000
1.141298057833385e-002	9.053941e+000	-9.053941e+000
1.152723533652205e-002	9.054075e+000	-9.054075e+000
1.175574485289844e-002	9.054468e+000	-9.054468e+000
1.221276388565123e-002	9.055275e+000	-9.055275e+000
1.246543555378562e-002	9.055697e+000	-9.055697e+000
1.273715242126958e-002	9.056074e+000	-9.056074e+000
1.313596125551985e-002	9.056410e+000	-9.056410e+000
1.378173038817475e-002	9.056531e+000	-9.056531e+000
1.461531695577623e-002	9.056339e+000	-9.056339e+000
1.537716973672067e-002	9.056078e+000	-9.056078e+000
1.600807054630066e-002	9.055863e+000	-9.055863e+000
1.657756993141255e-002	9.055673e+000	-9.055673e+000
1.714281369105932e-002	9.055486e+000	-9.055486e+000
1.791586467236486e-002	9.055232e+000	-9.055232e+000
1.889242717236486e-002	9.055028e+000	-9.055028e+000
1.973508300773445e-002	9.055101e+000	-9.055101e+000
1.985014605863305e-002	9.055173e+000	-9.055173e+000
2.008027216043026e-002	9.055423e+000	-9.055423e+000
2.054052436402467e-002	9.055988e+000	-9.055988e+000
2.081918279662886e-002	9.056332e+000	-9.056332e+000
2.107807379888936e-002	9.056599e+000	-9.056599e+000
2.148163068484514e-002	9.056833e+000	-9.056833e+000
2.213492480608464e-002	9.056869e+000	-9.056869e+000
2.311148730608464e-002	9.056605e+000	-9.056605e+000
2.403471583624555e-002	9.056286e+000	-9.056286e+000
2.501127833624555e-002	9.055952e+000	-9.055952e+000
2.598784083624555e-002	9.055625e+000	-9.055625e+000
2.696440333624555e-002	9.055374e+000	-9.055374e+000
2.794096583624555e-002	9.055271e+000	-9.055271e+000
2.795622462530805e-002	9.055273e+000	-9.055273e+000
2.798674220343305e-002	9.055284e+000	-9.055284e+000
2.804777735968305e-002	9.055313e+000	-9.055313e+000
2.816984767218305e-002	9.055395e+000	-9.055395e+000
2.841398829718305e-002	9.055623e+000	-9.055623e+000
2.882983896217439e-002	9.056090e+000	-9.056090e+000
2.908536470713872e-002	9.056386e+000	-9.056386e+000
2.938644023703938e-002	9.056685e+000	-9.056685e+000
2.977437011257652e-002	9.056910e+000	-9.056910e+000
3.040287005361592e-002	9.056943e+000	-9.056943e+000
3.137943255361592e-002	9.056678e+000	-9.056678e+000
3.213334062626509e-002	9.056415e+000	-9.056415e+000
3.274134740951918e-002	9.056205e+000	-9.056205e+000
3.329889743201471e-002	9.056015e+000	-9.056015e+000
3.385298673794913e-002	9.055829e+000	-9.055829e+000
3.473581660564151e-002	9.055535e+000	-9.055535e+000
3.571237910564151e-002	9.055318e+000	-9.055318e+000
3.646407867113118e-002	9.055370e+000	-9.055370e+000
3.657463731017954e-002	9.055436e+000	-9.055436e+000
3.679575458827626e-002	9.055662e+000	-9.055662e+000
3.723798914446970e-002	9.056170e+000	-9.056170e+000
3.754054524769195e-002	9.056511e+000	-9.056511e+000
3.781601958616310e-002	9.056756e+000	-9.056756e+000
3.826411116815302e-002	9.056947e+000	-9.056947e+000
3.898760398518579e-002	9.056920e+000	-9.056920e+000
3.996416648518579e-002	9.056637e+000	-9.056637e+000
4.094072898518579e-002	9.056299e+000	-9.056299e+000
4.191729148518579e-002	9.055965e+000	-9.055965e+000
4.289385398518579e-002	9.055638e+000	-9.055638e+000
4.387041648518579e-002	9.055408e+000	-9.055408e+000
4.472597759077981e-002	9.055414e+000	-9.055414e+000
4.484169486005165e-002	9.055470e+000	-9.055470e+000
4.507312939859533e-002	9.055681e+000	-9.055681e+000
4.553599847568268e-002	9.056184e+000	-9.056184e+000
4.581114356041965e-002	9.056491e+000	-9.056491e+000
4.607508564332350e-002	9.056740e+000	-9.056740e+000
4.647677290453278e-002	9.056951e+000	-9.056951e+000
4.712710482366887e-002	9.056967e+000	-9.056967e+000
4.810366732366887e-002	9.056696e+000	-9.056696e+000
4.884237552413047e-002	9.056438e+000	-9.056438e+000
4.944628518566015e-002	9.056231e+000	-9.056231e+000
5.005091050866718e-002	9.056025e+000	-9.056025e+000
5.060300635983080e-002	9.055839e+000	-9.055839e+000
5.157956885983080e-002	9.055513e+000	-9.055513e+000
5.255613135983080e-002	9.055301e+000	-9.055301e+000
5.320068673829156e-002	9.055378e+000	-9.055378e+000
5.330613881629014e-002	9.055450e+000	-9.055450e+000
5.351704297228730e-002	9.055682e+000	-9.055682e+000
5.393885128428162e-002	9.056176e+000	-9.056176e+000
5.433181600495497e-002	9.056601e+000	-9.056601e+000
5.468551536947965e-002	9.056842e+000	-9.056842e+000
5.525944279552107e-002	9.056908e+000	-9.056908e+000
5.617679685576697e-002	9.056676e+000	-9.056676e+000
5.706459496589744e-002	9.056370e+000	-9.056370e+000
5.804115746589744e-002	9.056036e+000	-9.056036e+000
5.901771996589744e-002	9.055708e+000	-9.055708e+000
5.999428246589744e-002	9.055384e+000	-9.055384e+000
6.097084496589744e-002	9.055182e+000	-9.055182e+000
6.156554319657650e-002	9.055283e+000	-9.055283e+000
6.166867663031445e-002	9.055363e+000	-9.055363e+000
6.187494349779035e-002	9.055608e+000	-9.055608e+000
6.228747723274216e-002	9.056117e+000	-9.056117e+000
6.267086641257351e-002	9.056547e+000	-9.056547e+000
6.302815071734111e-002	9.056799e+000	-9.056799e+000
6.360780931660098e-002	9.056869e+000	-9.056869e+000
6.453380797512812e-002	9.056635e+000	-9.056635e+000
6.541070432256624e-002	9.056333e+000	-9.056333e+000
6.603377661221369e-002	9.056119e+000	-9.056119e+000
6.657967119695099e-002	9.055934e+000	-9.055934e+000
6.712095758190072e-002	9.055753e+000	-9.055753e+000
6.788108404778590e-002	9.055500e+000	-9.055500e+000
6.885764654778590e-002	9.055277e+000	-9.055277e+000
6.972067584680010e-002	9.055298e+000	-9.055298e+000
6.983677358499651e-002	9.055357e+000	-9.055357e+000
7.006896906138935e-002	9.055582e+000	-9.055582e+000
7.053336001417500e-002	9.056108e+000	-9.056108e+000
7.080645675760507e-002	9.056424e+000	-9.056424e+000
7.107334351923554e-002	9.056684e+000	-9.056684e+000
7.147394068184736e-002	9.056905e+000	-9.056905e+000
7.212254493353090e-002	9.056930e+000	-9.056930e+000
7.309910743353090e-002	9.056662e+000	-9.056662e+000
7.403405694483198e-002	9.056337e+000	-9.056337e+000
7.501061944483198e-002	9.056004e+000	-9.056004e+000
7.598718194483198e-002	9.055676e+000	-9.055676e+000
7.696374444483198e-002	9.055421e+000	-9.055421e+000
7.794030694483198e-002	9.055308e+000	-9.055308e+000
7.795556573389448e-002	9.055310e+000	-9.055310e+000
7.798608331201948e-002	9.055321e+000	-9.055321e+000
7.804711846826948e-002	9.055348e+000	-9.055348e+000
7.816918878076948e-002	9.055429e+000	-9.055429e+000
7.841332940576948e-002	9.055652e+000	-9.055652e+000
7.882959200447644e-002	9.056111e+000	-9.056111e+000
7.908530960684315e-002	9.056405e+000	-9.056405e+000
7.938641974100903e-002	9.056702e+000	-9.056702e+000
7.977433678268216e-002	9.056923e+000	-9.056923e+000
8.040281632907997e-002	9.056953e+000	-9.056953e+000
8.137937882907997e-002	9.056688e+000	-9.056688e+000
8.212967295949666e-002	9.056426e+000	-9.056426e+000
8.273773256357651e-002	9.056216e+000	-9.056216e+000
8.335024870191220e-002	9.056008e+000	-9.056008e+000
8.390857732603184e-002	9.055820e+000	-9.055820e+000
8.488513982603184e-002	9.055495e+000	-9.055495e+000
8.586170232603184e-002	9.055285e+000	-9.055285e+000
8.652318355507853e-002	9.055360e+000	-9.055360e+000
8.662943029568947e-002	9.055432e+000	-9.055432e+000
8.684192377691134e-002	9.055666e+000	-9.055666e+000
8.726691073935509e-002	9.056167e+000	-9.056167e+000
8.761937299218597e-002	9.056558e+000	-9.056558e+000
8.794435194099057e-002	9.056807e+000	-9.056807e+000
8.847224254431406e-002	9.056931e+000	-9.056931e+000
8.931953438085752e-002	9.056787e+000	-9.056787e+000
9.029609688085752e-002	9.056471e+000	-9.056471e+000
9.127265938085752e-002	9.056135e+000	-9.056135e+000
9.224922188085752e-002	9.055804e+000	-9.055804e+000
9.322578438085752e-002	9.055479e+000	-9.055479e+000
9.420234688085752e-002	9.055271e+000	-9.055271e+000
9.485937498227721e-002	9.055353e+000	-9.055353e+000
9.496541225434831e-002	9.055427e+000	-9.055427e+000
9.517748679849049e-002	9.055661e+000	-9.055661e+000
9.560163588677485e-002	9.056165e+000	-9.056165e+000
9.595442466262087e-002	9.056558e+000	-9.056558e+000
9.628048216556220e-002	9.056808e+000	-9.056808e+000
9.681010535319803e-002	9.056931e+000	-9.056931e+000
9.766005323625465e-002	9.056786e+000	-9.056786e+000
9.846111829762623e-002	9.056528e+000	-9.056528e+000
9.910647197850529e-002	9.056304e+000	-9.056304e+000
9.970224028515870e-002	9.056101e+000	-9.056101e+000
1.001979180598910e-001	9.055932e+000	-9.055932e+000
1.006845432450768e-001	9.055769e+000	-9.055769e+000
1.016577936154484e-001	9.055447e+000	-9.055447e+000
1.026343561154484e-001	9.055240e+000	-9.055240e+000
1.032309939048072e-001	9.055331e+000	-9.055331e+000
1.033342169672061e-001	9.055408e+000	-9.055408e+000
1.035406630920040e-001	9.055649e+000	-9.055649e+000
1.039535553415997e-001	9.056149e+000	-9.056149e+000
1.043373131336626e-001	9.056570e+000	-9.056570e+000
1.046944595287889e-001	9.056817e+000	-9.056817e+000
1.052738977202033e-001	9.056883e+000	-9.056883e+000
1.061995642574009e-001	9.056646e+000	-9.056646e+000
1.070790708982816e-001	9.056342e+000	-9.056342e+000
1.080556333982816e-001	9.056009e+000	-9.056009e+000
1.090321958982816e-001	9.055681e+000	-9.055681e+000
1.100087583982816e-001	9.055358e+000	-9.055358e+000
1.109853208982816e-001	9.055157e+000	-9.055157e+000
1.115711151952566e-001	9.055310e+000	-9.055310e+000
1.118883927080786e-001	9.055598e+000	-9.055598e+000
1.121505072157049e-001	9.055928e+000	-9.055928e+000
1.124158731216488e-001	9.056262e+000	-9.056262e+000
1.127187227374401e-001	9.056584e+000	-9.056584e+000
1.131059946092629e-001	9.056828e+000	-9.056828e+000
1.137334488321595e-001	9.056876e+000	-9.056876e+000
1.147100113321595e-001	9.056617e+000	-9.056617e+000
1.154574798591188e-001	9.056356e+000	-9.056356e+000
1.160657629298114e-001	9.056148e+000	-9.056148e+000
1.166709146916844e-001	9.055942e+000	-9.055942e+000
1.172304839219065e-001	9.055755e+000	-9.055755e+000
1.181857304049772e-001	9.055437e+000	-9.055437e+000
1.191622929049772e-001	9.055229e+000	-9.055229e+000
1.198436783018043e-001	9.055310e+000	-9.055310e+000
1.199508648997412e-001	9.055384e+000	-9.055384e+000
1.201652380956152e-001	9.055622e+000	-9.055622e+000
1.205939844873630e-001	9.056134e+000	-9.056134e+000
1.209449778630527e-001	9.056530e+000	-9.056530e+000
1.212651054806613e-001	9.056784e+000	-9.056784e+000
1.217851995137159e-001	9.056920e+000	-9.056920e+000
1.226205213929502e-001	9.056793e+000	-9.056793e+000
1.235970838929502e-001	9.056481e+000	-9.056481e+000
1.245736463929502e-001	9.056145e+000	-9.056145e+000
1.255502088929502e-001	9.055815e+000	-9.055815e+000
1.265267713929502e-001	9.055490e+000	-9.055490e+000
1.275033338929502e-001	9.055280e+000	-9.055280e+000
1.281800396453393e-001	9.055359e+000	-9.055359e+000
1.282870047352463e-001	9.055430e+000	-9.055430e+000
1.285009349150604e-001	9.055664e+000	-9.055664e+000
1.289287952746886e-001	9.056168e+000	-9.056168e+000
1.292801354043275e-001	9.056559e+000	-9.056559e+000
1.296014081738432e-001	9.056808e+000	-9.056808e+000
1.301233430792850e-001	9.056938e+000	-9.056938e+000
1.309614938375991e-001	9.056807e+000	-9.056807e+000
1.317651124949123e-001	9.056551e+000	-9.056551e+000
1.324133188508642e-001	9.056326e+000	-9.056326e+000
1.330115447858163e-001	9.056121e+000	-9.056121e+000
1.335166797187002e-001	9.055950e+000	-9.055950e+000
1.340137322954465e-001	9.055782e+000	-9.055782e+000
1.349902947954465e-001	9.055458e+000	-9.055458e+000
1.359668572954465e-001	9.055251e+000	-9.055251e+000
1.365640064915223e-001	9.055342e+000	-9.055342e+000
1.366672531937306e-001	9.055418e+000	-9.055418e+000
1.368737465981470e-001	9.055656e+000	-9.055656e+000
1.372867334069799e-001	9.056154e+000	-9.056154e+000
1.376705884418627e-001	9.056576e+000	-9.056576e+000
1.380276984541146e-001	9.056822e+000	-9.056822e+000
1.386070784973668e-001	9.056886e+000	-9.056886e+000
1.395326574096460e-001	9.056649e+000	-9.056649e+000
1.404127261332933e-001	9.056345e+000	-9.056345e+000
1.413892886332933e-001	9.056012e+000	-9.056012e+000
1.423658511332933e-001	9.055684e+000	-9.055684e+000
1.433424136332933e-001	9.055361e+000	-9.055361e+000
1.443189761332933e-001	9.055160e+000	-9.055160e+000
1.449045723186194e-001	9.055312e+000	-9.055312e+000
1.452218179826598e-001	9.055600e+000	-9.055600e+000
1.454839549215449e-001	9.055929e+000	-9.055929e+000
1.457492319580106e-001	9.056263e+000	-9.056263e+000
1.460520655578323e-001	9.056585e+000	-9.056585e+000
1.464393433702962e-001	9.056828e+000	-9.056828e+000
1.470668070348351e-001	9.056876e+000	-9.056876e+000
1.480433695348351e-001	9.056617e+000	-9.056617e+000
1.487870254406378e-001	9.056358e+000	-9.056358e+000
1.493953517854164e-001	9.056149e+000	-9.056149e+000
1.500006097648606e-001	9.055943e+000	-9.055943e+000
1.505615142327710e-001	9.055756e+000	-9.055756e+000
1.515100331779191e-001	9.055441e+000	-9.055441e+000
1.524865956779191e-001	9.055233e+000	-9.055233e+000
1.531734592749408e-001	9.055312e+000	-9.055312e+000
1.532809056125222e-001	9.055386e+000	-9.055386e+000
1.534957982876850e-001	9.055622e+000	-9.055622e+000
1.539255836380105e-001	9.056135e+000	-9.056135e+000
1.542761699634205e-001	9.056530e+000	-9.056530e+000
1.545949533734563e-001	9.056784e+000	-9.056784e+000
1.551128861551807e-001	9.056922e+000	-9.056922e+000
1.559448847813499e-001	9.056799e+000	-9.056799e+000
1.569214472813499e-001	9.056488e+000	-9.056488e+000
1.578980097813499e-001	9.056152e+000	-9.056152e+000
1.588745722813499e-001	9.055821e+000	-9.055821e+000
1.598511347813499e-001	9.055496e+000	-9.055496e+000
1.608276972813499e-001	9.055286e+000	-9.055286e+000
1.615098487221734e-001	9.055363e+000	-9.055363e+000
1.616170716125860e-001	9.055434e+000	-9.055434e+000
1.618315173934114e-001	9.055666e+000	-9.055666e+000
1.622604089550620e-001	9.056170e+000	-9.056170e+000
1.626113454841902e-001	9.056560e+000	-9.056560e+000
1.629312853719087e-001	9.056809e+000	-9.056809e+000
1.634510775932813e-001	9.056941e+000	-9.056941e+000
1.642859355235841e-001	9.056813e+000	-9.056813e+000
1.650875010237536e-001	9.056559e+000	-9.056559e+000
1.657364346189615e-001	9.056334e+000	-9.056334e+000
1.663358327953327e-001	9.056128e+000	-9.056128e+000
1.668444022370176e-001	9.055956e+000	-9.055956e+000
1.673451916469596e-001	9.055787e+000	-9.055787e+000
1.683217541469596e-001	9.055464e+000	-9.055464e+000
1.692983166469596e-001	9.055256e+000	-9.055256e+000
1.698966173888889e-001	9.055346e+000	-9.055346e+000
1.699999173325364e-001	9.055422e+000	-9.055422e+000
1.702065172198315e-001	9.055659e+000	-9.055659e+000
1.706197169944217e-001	9.056157e+000	-9.056157e+000
1.710037910700989e-001	9.056578e+000	-9.056578e+000
1.713608191275536e-001	9.056823e+000	-9.056823e+000
1.719400681869344e-001	9.056888e+000	-9.056888e+000
1.728654497095852e-001	9.056651e+000	-9.056651e+000
1.737458238716495e-001	9.056347e+000	-9.056347e+000
1.747223863716495e-001	9.056013e+000	-9.056013e+000
1.756989488716495e-001	9.055685e+000	-9.055685e+000
1.766755113716495e-001	9.055362e+000	-9.055362e+000
1.776520738716495e-001	9.055161e+000	-9.055161e+000
1.782378150523847e-001	9.055313e+000	-9.055313e+000
1.785550840258683e-001	9.055600e+000	-9.055600e+000
1.788172045477521e-001	9.055930e+000	-9.055930e+000
1.790825466261355e-001	9.056264e+000	-9.056264e+000
1.793853919477581e-001	9.056586e+000	-9.056586e+000
1.797726654123740e-001	9.056829e+000	-9.056829e+000
1.804001221667464e-001	9.056877e+000	-9.056877e+000
1.813766846667464e-001	9.056618e+000	-9.056618e+000
1.821164805464039e-001	9.056360e+000	-9.056360e+000
1.827248511195538e-001	9.056150e+000	-9.056150e+000
1.833302166010780e-001	9.055945e+000	-9.055945e+000
1.838924740748442e-001	9.055757e+000	-9.055757e+000
1.848341715389821e-001	9.055444e+000	-9.055444e+000
1.858107340389821e-001	9.055236e+000	-9.055236e+000
1.865031703703683e-001	9.055314e+000	-9.055314e+000
1.866108814161582e-001	9.055387e+000	-9.055387e+000
1.868263035077380e-001	9.055623e+000	-9.055623e+000
1.872571476908976e-001	9.056135e+000	-9.056135e+000
1.876073186798249e-001	9.056530e+000	-9.056530e+000
1.879247306008353e-001	9.056784e+000	-9.056784e+000
1.884404578362962e-001	9.056925e+000	-9.056925e+000
1.892690628333145e-001	9.056805e+000	-9.056805e+000
1.902456253333145e-001	9.056495e+000	-9.056495e+000
1.912221878333145e-001	9.056158e+000	-9.056158e+000
1.921987503333145e-001	9.055828e+000	-9.055828e+000
1.931753128333145e-001	9.055502e+000	-9.055502e+000
1.941518753333145e-001	9.055291e+000	-9.055291e+000
1.948395798846768e-001	9.055367e+000	-9.055367e+000
1.949470661364617e-001	9.055437e+000	-9.055437e+000
1.951620386400315e-001	9.055669e+000	-9.055669e+000
1.955919836471712e-001	9.056171e+000	-9.056171e+000
1.959425073781580e-001	9.056561e+000	-9.056561e+000
1.962610840888278e-001	9.056809e+000	-9.056809e+000
1.967786844968424e-001	9.056944e+000	-9.056944e+000
1.976101718525081e-001	9.056820e+000	-9.056820e+000
1.984097211179143e-001	9.056566e+000	-9.056566e+000
1.990593920757168e-001	9.056341e+000	-9.056341e+000
1.996599683054080e-001	9.056135e+000	-9.056135e+000
2.001719100357729e-001	9.055961e+000	-9.055961e+000
2.006763657456279e-001	9.055792e+000	-9.055792e+000
2.016529282456279e-001	9.055468e+000	-9.055468e+000
2.026294907456279e-001	9.055260e+000	-9.055260e+000
2.032291181032710e-001	9.055348e+000	-9.055348e+000
2.033324794018954e-001	9.055425e+000	-9.055425e+000
2.035392019991443e-001	9.055662e+000	-9.055662e+000
2.039526471936420e-001	9.056159e+000	-9.056159e+000
2.043369737434929e-001	9.056580e+000	-9.056580e+000
2.046939073337294e-001	9.056825e+000	-9.056825e+000
2.052730054090120e-001	9.056889e+000	-9.056889e+000
2.061981593905458e-001	9.056652e+000	-9.056652e+000
2.070788594628488e-001	9.056348e+000	-9.056348e+000
2.080554219628488e-001	9.056015e+000	-9.056015e+000
2.090319844628488e-001	9.055686e+000	-9.055686e+000
2.100085469628488e-001	9.055363e+000	-9.055363e+000
2.109851094628488e-001	9.055162e+000	-9.055162e+000
2.115710338832713e-001	9.055314e+000	-9.055314e+000
2.118883323165073e-001	9.055601e+000	-9.055601e+000
2.121504320900127e-001	9.055931e+000	-9.055931e+000
2.124158563700301e-001	9.056265e+000	-9.056265e+000
2.127187165058798e-001	9.056586e+000	-9.056586e+000
2.131059844756005e-001	9.056829e+000	-9.056829e+000
2.137334324967611e-001	9.056877e+000	-9.056877e+000
2.147099949967611e-001	9.056618e+000	-9.056618e+000
2.154458712960529e-001	9.056361e+000	-9.056361e+000
2.160542843024035e-001	9.056152e+000	-9.056152e+000
2.166597555295213e-001	9.055947e+000	-9.055947e+000
2.172233836206488e-001	9.055758e+000	-9.055758e+000
2.181582189508469e-001	9.055448e+000	-9.055448e+000
2.191347814508469e-001	9.055239e+000	-9.055239e+000
2.198328402418503e-001	9.055315e+000	-9.055315e+000
2.199408188634140e-001	9.055387e+000	-9.055387e+000
2.201567761065416e-001	9.055624e+000	-9.055624e+000
2.205886905927966e-001	9.056136e+000	-9.056136e+000
2.209384412304317e-001	9.056531e+000	-9.056531e+000
2.212544651891449e-001	9.056784e+000	-9.056784e+000
2.217679599468102e-001	9.056927e+000	-9.056927e+000
2.225931275579764e-001	9.056810e+000	-9.056810e+000
2.235696900579764e-001	9.056501e+000	-9.056501e+000
2.245462525579764e-001	9.056165e+000	-9.056165e+000
2.255228150579764e-001	9.055834e+000	-9.055834e+000
2.264993775579764e-001	9.055508e+000	-9.055508e+000
2.274759400579764e-001	9.055297e+000	-9.055297e+000
2.281692611465641e-001	9.055369e+000	-9.055369e+000
2.282770142645211e-001	9.055440e+000	-9.055440e+000
2.284925205004353e-001	9.055672e+000	-9.055672e+000
2.289235329722636e-001	9.056174e+000	-9.056174e+000
2.292736379018392e-001	9.056561e+000	-9.056561e+000
2.295908316950028e-001	9.056810e+000	-9.056810e+000
2.301062081104304e-001	9.056947e+000	-9.056947e+000
2.309342730976693e-001	9.056826e+000	-9.056826e+000
2.317318286387733e-001	9.056574e+000	-9.056574e+000
2.323822405955790e-001	9.056349e+000	-9.056349e+000
2.329839967597853e-001	9.056142e+000	-9.056142e+000
2.334992342219210e-001	9.055967e+000	-9.055967e+000
2.340072697593426e-001	9.055797e+000	-9.055797e+000
2.349838322593426e-001	9.055471e+000	-9.055471e+000
2.359603947593426e-001	9.055264e+000	-9.055264e+000
2.365615143936437e-001	9.055351e+000	-9.055351e+000
2.366649447336630e-001	9.055428e+000	-9.055428e+000
2.368718054137018e-001	9.055665e+000	-9.055665e+000
2.372855267737793e-001	9.056161e+000	-9.056161e+000
2.376701374957287e-001	9.056581e+000	-9.056581e+000
2.380269647543367e-001	9.056827e+000	-9.056827e+000
2.386058928800363e-001	9.056890e+000	-9.056890e+000
2.395307907235772e-001	9.056654e+000	-9.056654e+000
2.404118350711534e-001	9.056350e+000	-9.056350e+000
2.413883975711534e-001	9.056016e+000	-9.056016e+000
2.423649600711534e-001	9.055688e+000	-9.055688e+000
2.433415225711534e-001	9.055365e+000	-9.055365e+000
2.443180850711534e-001	9.055163e+000	-9.055163e+000
2.449042296409880e-001	9.055315e+000	-9.055315e+000
2.452215634712119e-001	9.055603e+000	-9.055603e+000
2.454836383152541e-001	9.055932e+000	-9.055932e+000
2.457491613607726e-001	9.056266e+000	-9.056266e+000
2.460520392958354e-001	9.056587e+000	-9.056587e+000
2.464393006634619e-001	9.056830e+000	-9.056830e+000
2.470667381916917e-001	9.056877e+000	-9.056877e+000
2.480433006916917e-001	9.056618e+000	-9.056618e+000
2.487751951280068e-001	9.056363e+000	-9.056363e+000
2.493836486539698e-001	9.056154e+000	-9.056154e+000
2.499892237569591e-001	9.055948e+000	-9.055948e+000
2.505542399843556e-001	9.055759e+000	-9.055759e+000
2.514821689277346e-001	9.055450e+000	-9.055450e+000
2.524587314277346e-001	9.055242e+000	-9.055242e+000
2.531624660955827e-001	9.055317e+000	-9.055317e+000
2.532707153589311e-001	9.055388e+000	-9.055388e+000
2.534872138856280e-001	9.055624e+000	-9.055624e+000
2.539202109390217e-001	9.056137e+000	-9.056137e+000
2.542695358786379e-001	9.056531e+000	-9.056531e+000
2.545841543107813e-001	9.056784e+000	-9.056784e+000
2.550953878912408e-001	9.056929e+000	-9.056929e+000
2.559170715644350e-001	9.056815e+000	-9.056815e+000
2.568936340644350e-001	9.056508e+000	-9.056508e+000
2.578701965644350e-001	9.056171e+000	-9.056171e+000
2.588467590644350e-001	9.055840e+000	-9.055840e+000
2.598233215644350e-001	9.055514e+000	-9.055514e+000
2.607998840644350e-001	9.055303e+000	-9.055303e+000
2.614988893232093e-001	9.055373e+000	-9.055373e+000
2.616069130382155e-001	9.055443e+000	-9.055443e+000
2.618229604682280e-001	9.055674e+000	-9.055674e+000
2.622550553282528e-001	9.056176e+000	-9.056176e+000
2.626047350745824e-001	9.056563e+000	-9.056563e+000
2.629205249652261e-001	9.056812e+000	-9.056812e+000
2.634336431910341e-001	9.056950e+000	-9.056950e+000
2.642582308205429e-001	9.056832e+000	-9.056832e+000
2.650538164949022e-001	9.056581e+000	-9.056581e+000
2.657049737834356e-001	9.056355e+000	-9.056355e+000
2.663079120481257e-001	9.056149e+000	-9.056149e+000
2.668263729479107e-001	9.055973e+000	-9.055973e+000
2.673379065396584e-001	9.055800e+000	-9.055800e+000
2.683144690396584e-001	9.055476e+000	-9.055476e+000
2.692910315396584e-001	9.055268e+000	-9.055268e+000
2.698938072611813e-001	9.055355e+000	-9.055355e+000
2.699973142522439e-001	9.055431e+000	-9.055431e+000
2.702043282343691e-001	9.055668e+000	-9.055668e+000
2.706183561986195e-001	9.056164e+000	-9.056164e+000
2.710032824988182e-001	9.056583e+000	-9.056583e+000
2.713599916690980e-001	9.056828e+000	-9.056828e+000
2.719387310508419e-001	9.056891e+000	-9.056891e+000
2.728633444121627e-001	9.056655e+000	-9.056655e+000
2.737447513532966e-001	9.056351e+000	-9.056351e+000
2.747213138532966e-001	9.056017e+000	-9.056017e+000
2.756978763532966e-001	9.055689e+000	-9.055689e+000
2.766744388532966e-001	9.055366e+000	-9.055366e+000
2.776510013532966e-001	9.055164e+000	-9.055164e+000
2.782374025750450e-001	9.055316e+000	-9.055316e+000
2.785547776757633e-001	9.055603e+000	-9.055603e+000
2.788168234544050e-001	9.055932e+000	-9.055932e+000
2.790824616499350e-001	9.056266e+000	-9.056266e+000
2.793853603368064e-001	9.056588e+000	-9.056588e+000
2.797726140071500e-001	9.056830e+000	-9.056830e+000
2.804000393018113e-001	9.056878e+000	-9.056878e+000
2.813766018018113e-001	9.056619e+000	-9.056619e+000
2.821044494833440e-001	9.056365e+000	-9.056365e+000
2.827129414872200e-001	9.056156e+000	-9.056156e+000
2.833186184776352e-001	9.055950e+000	-9.055950e+000
2.838850411002282e-001	9.055760e+000	-9.055760e+000
2.848060170606739e-001	9.055454e+000	-9.055454e+000
2.857825795606739e-001	9.055245e+000	-9.055245e+000
2.864920459386839e-001	9.055319e+000	-9.055319e+000
2.866005690493065e-001	9.055390e+000	-9.055390e+000
2.868176152705516e-001	9.055625e+000	-9.055625e+000
2.872517077130419e-001	9.056139e+000	-9.056139e+000
2.875649022640649e-001	9.056498e+000	-9.056498e+000
2.878556774905463e-001	9.056750e+000	-9.056750e+000
2.883284871818722e-001	9.056930e+000	-9.056930e+000
2.890906187504769e-001	9.056875e+000	-9.056875e+000
2.900671812504769e-001	9.056584e+000	-9.056584e+000
2.910437437504769e-001	9.056248e+000	-9.056248e+000
2.920203062504769e-001	9.055915e+000	-9.055915e+000
2.929968687504769e-001	9.055588e+000	-9.055588e+000
2.939734312504769e-001	9.055367e+000	-9.055367e+000
2.947682483442045e-001	9.055402e+000	-9.055402e+000
2.948809201948159e-001	9.055464e+000	-9.055464e+000
2.951062638960387e-001	9.055683e+000	-9.055683e+000
2.955569512984844e-001	9.056188e+000	-9.056188e+000
2.958163918232626e-001	9.056481e+000	-9.056481e+000
2.960770364156105e-001	9.056727e+000	-9.056727e+000
2.964799442550952e-001	9.056939e+000	-9.056939e+000
2.971322101693516e-001	9.056960e+000	-9.056960e+000
2.980065090670127e-001	9.056723e+000	-9.056723e+000
2.987071150770689e-001	9.056478e+000	-9.056478e+000
2.993298827151762e-001	9.056263e+000	-9.056263e+000
2.999508232223512e-001	9.056051e+000	-9.056051e+000
3.005310132914168e-001	9.055855e+000	-9.055855e+000
3.013833125394707e-001	9.055571e+000	-9.055571e+000
3.023598750394707e-001	9.055351e+000	-9.055351e+000
3.031230480417971e-001	9.055396e+000	-9.055396e+000
3.032341653719554e-001	9.055460e+000	-9.055460e+000
3.034564000322719e-001	9.055682e+000	-9.055682e+000
3.039008693529051e-001	9.056185e+000	-9.056185e+000
3.042004884040012e-001	9.056520e+000	-9.056520e+000
3.044717386525050e-001	9.056763e+000	-9.056763e+000
3.049129987445885e-001	9.056955e+000	-9.056955e+000
3.056257703621758e-001	9.056934e+000	-9.056934e+000
3.066023328621758e-001	9.056653e+000	-9.056653e+000
3.075788953621758e-001	9.056314e+000	-9.056314e+000
3.085554578621758e-001	9.055981e+000	-9.055981e+000
3.095320203621758e-001	9.055653e+000	-9.055653e+000
3.105085828621758e-001	9.055420e+000	-9.055420e+000
3.113807921343945e-001	9.055417e+000	-9.055417e+000
3.114973594790246e-001	9.055470e+000	-9.055470e+000
3.117304941682850e-001	9.055680e+000	-9.055680e+000
3.121967635468056e-001	9.056182e+000	-9.056182e+000
3.124673268311280e-001	9.056484e+000	-9.056484e+000
3.127378554694753e-001	9.056740e+000	-9.056740e+000
3.131371042724474e-001	9.056951e+000	-9.056951e+000
3.137835710049562e-001	9.056973e+000	-9.056973e+000
3.146583723788692e-001	9.056734e+000	-9.056734e+000
3.153604429420048e-001	9.056489e+000	-9.056489e+000
3.159840423939810e-001	9.056273e+000	-9.056273e+000
3.166059420043835e-001	9.056062e+000	-9.056062e+000
3.171877742847745e-001	9.055865e+000	-9.055865e+000
3.180194413000578e-001	9.055588e+000	-9.055588e+000
3.189960038000578e-001	9.055366e+000	-9.055366e+000
3.197773977459086e-001	9.055403e+000	-9.055403e+000
3.198894076743574e-001	9.055465e+000	-9.055465e+000
3.201134275312549e-001	9.055685e+000	-9.055685e+000
3.205614672450499e-001	9.056187e+000	-9.056187e+000
3.208259466301383e-001	9.056486e+000	-9.056486e+000
3.210805878266381e-001	9.056726e+000	-9.056726e+000
3.214857175349067e-001	9.056936e+000	-9.056936e+000
3.221415027092454e-001	9.056952e+000	-9.056952e+000
3.231180652092454e-001	9.056682e+000	-9.056682e+000
3.240667351487412e-001	9.056353e+000	-9.056353e+000
3.250432976487412e-001	9.056019e+000	-9.056019e+000
3.260198601487412e-001	9.055690e+000	-9.055690e+000
3.269964226487412e-001	9.055442e+000	-9.055442e+000
3.279729851487412e-001	9.055351e+000	-9.055351e+000
3.279882187980855e-001	9.055354e+000	-9.055354e+000
3.280186860967740e-001	9.055366e+000	-9.055366e+000
3.280796206941512e-001	9.055396e+000	-9.055396e+000
3.282014898889055e-001	9.055481e+000	-9.055481e+000
3.284452282784141e-001	9.055708e+000	-9.055708e+000
3.288420401663266e-001	9.056148e+000	-9.056148e+000
3.290959924139895e-001	9.056436e+000	-9.056436e+000
3.293903931029656e-001	9.056721e+000	-9.056721e+000
3.297807979636020e-001	9.056938e+000	-9.056938e+000
3.304132300010536e-001	9.056968e+000	-9.056968e+000
3.312920297410515e-001	9.056731e+000	-9.056731e+000
3.320017786980888e-001	9.056483e+000	-9.056483e+000
3.326269101670745e-001	9.056268e+000	-9.056268e+000
3.332505693724006e-001	9.056054e+000	-9.056054e+000
3.338344950293722e-001	9.055858e+000	-9.055858e+000
3.346276627517607e-001	9.055593e+000	-9.055593e+000
3.356042252517607e-001	9.055368e+000	-9.055368e+000
3.364202930706139e-001	9.055393e+000	-9.055393e+000
3.365340207450460e-001	9.055452e+000	-9.055452e+000
3.367614760939100e-001	9.055671e+000	-9.055671e+000
3.372163867916381e-001	9.056176e+000	-9.056176e+000
3.374677581387678e-001	9.056460e+000	-9.056460e+000
3.377380157988201e-001	9.056719e+000	-9.056719e+000
3.381373649346925e-001	9.056932e+000	-9.056932e+000
3.387839907428568e-001	9.056953e+000	-9.056953e+000
3.397605532428568e-001	9.056684e+000	-9.056684e+000
3.406999949452966e-001	9.056358e+000	-9.056358e+000
3.416765574452966e-001	9.056025e+000	-9.056025e+000
3.426531199452966e-001	9.055696e+000	-9.055696e+000
3.436296824452966e-001	9.055439e+000	-9.055439e+000
3.446062449452966e-001	9.055323e+000	-9.055323e+000
3.446215037343591e-001	9.055325e+000	-9.055325e+000
3.446520213124841e-001	9.055335e+000	-9.055335e+000
3.447130564687341e-001	9.055362e+000	-9.055362e+000
3.448351267812341e-001	9.055441e+000	-9.055441e+000
3.450792674062341e-001	9.055662e+000	-9.055662e+000
3.454959855493576e-001	9.056120e+000	-9.056120e+000
3.457519153364017e-001	9.056412e+000	-9.056412e+000
3.460530637404610e-001	9.056707e+000	-9.056707e+000
3.464409665887443e-001	9.056928e+000	-9.056928e+000
3.470694235799810e-001	9.056958e+000	-9.056958e+000
3.480459860799810e-001	9.056691e+000	-9.056691e+000
3.487651607295423e-001	9.056440e+000	-9.056440e+000
3.493735388382474e-001	9.056231e+000	-9.056231e+000
3.499791981574800e-001	9.056024e+000	-9.056024e+000
3.505479875638054e-001	9.055833e+000	-9.055833e+000
3.514588269614964e-001	9.055530e+000	-9.055530e+000
3.524353894614964e-001	9.055314e+000	-9.055314e+000
3.531532186154063e-001	9.055375e+000	-9.055375e+000
3.532621422776111e-001	9.055444e+000	-9.055444e+000
3.534799896020206e-001	9.055672e+000	-9.055672e+000
3.539156842508397e-001	9.056175e+000	-9.056175e+000
3.542267930060363e-001	9.056525e+000	-9.056525e+000
3.545145682642487e-001	9.056772e+000	-9.056772e+000
3.549825351230552e-001	9.056950e+000	-9.056950e+000
3.557371159348929e-001	9.056898e+000	-9.056898e+000
3.567136784348929e-001	9.056608e+000	-9.056608e+000
3.576902409348929e-001	9.056271e+000	-9.056271e+000
3.586668034348929e-001	9.055938e+000	-9.055938e+000
3.596433659348929e-001	9.055611e+000	-9.055611e+000
3.606199284348929e-001	9.055387e+000	-9.055387e+000
3.614267063053482e-001	9.055415e+000	-9.055415e+000
3.615399711983699e-001	9.055475e+000	-9.055475e+000
3.617665009844133e-001	9.055692e+000	-9.055692e+000
3.622195605565002e-001	9.056193e+000	-9.056193e+000
3.624744735621884e-001	9.056480e+000	-9.056480e+000
3.627405120485407e-001	9.056732e+000	-9.056732e+000
3.631414232481391e-001	9.056944e+000	-9.056944e+000
3.637905252486249e-001	9.056966e+000	-9.056966e+000
3.646603206223389e-001	9.056729e+000	-9.056729e+000
3.653554725066469e-001	9.056486e+000	-9.056486e+000
3.659794741790221e-001	9.056271e+000	-9.056271e+000
3.666018529482814e-001	9.056059e+000	-9.056059e+000
3.671856261837853e-001	9.055861e+000	-9.055861e+000
3.680115786737748e-001	9.055586e+000	-9.055586e+000
3.689881411737748e-001	9.055364e+000	-9.055364e+000
3.697742151802066e-001	9.055400e+000	-9.055400e+000
3.698864554637782e-001	9.055462e+000	-9.055462e+000
3.701109360309214e-001	9.055681e+000	-9.055681e+000
3.705598971652079e-001	9.056185e+000	-9.056185e+000
3.708226247086270e-001	9.056482e+000	-9.056482e+000
3.710793531176921e-001	9.056725e+000	-9.056725e+000
3.714837103865056e-001	9.056935e+000	-9.056935e+000
3.721382722659479e-001	9.056952e+000	-9.056952e+000
3.731148347659479e-001	9.056682e+000	-9.056682e+000
3.740621513963974e-001	9.056353e+000	-9.056353e+000
3.750387138963974e-001	9.056019e+000	-9.056019e+000
3.760152763963974e-001	9.055691e+000	-9.055691e+000
3.769918388963974e-001	9.055441e+000	-9.055441e+000
3.779684013963974e-001	9.055347e+000	-9.055347e+000
3.779836601854599e-001	9.055349e+000	-9.055349e+000
3.780141777635849e-001	9.055361e+000	-9.055361e+000
3.780752129198349e-001	9.055391e+000	-9.055391e+000
3.781972832323349e-001	9.055475e+000	-9.055475e+000
3.784414238573349e-001	9.055702e+000	-9.055702e+000
3.788401132480656e-001	9.056144e+000	-9.056144e+000
3.790925687754000e-001	9.056430e+000	-9.056430e+000
3.793891197988863e-001	9.056719e+000	-9.056719e+000
3.797787274467749e-001	9.056936e+000	-9.056936e+000
3.804098931351915e-001	9.056967e+000	-9.056967e+000
3.812852422736517e-001	9.056731e+000	-9.056731e+000
3.819907120148081e-001	9.056485e+000	-9.056485e+000
3.826165807845338e-001	9.056269e+000	-9.056269e+000
3.832410988901166e-001	9.056056e+000	-9.056056e+000
3.838272562649538e-001	9.055858e+000	-9.055858e+000
3.846059687443074e-001	9.055598e+000	-9.055598e+000
3.855825312443074e-001	9.055372e+000	-9.055372e+000
3.864114004597635e-001	9.055391e+000	-9.055391e+000
3.865257690300064e-001	9.055449e+000	-9.055449e+000
3.867545061704921e-001	9.055667e+000	-9.055667e+000
3.872119804514635e-001	9.056172e+000	-9.056172e+000
3.874655264190029e-001	9.056459e+000	-9.056459e+000
3.877371861990212e-001	9.056720e+000	-9.056720e+000
3.881360161716832e-001	9.056933e+000	-9.056933e+000
3.887818188221528e-001	9.056954e+000	-9.056954e+000
3.897583813221528e-001	9.056685e+000	-9.056685e+000
3.906971984780958e-001	9.056359e+000	-9.056359e+000
3.916737609780958e-001	9.056025e+000	-9.056025e+000
3.926503234780958e-001	9.055696e+000	-9.055696e+000
3.936268859780958e-001	9.055440e+000	-9.055440e+000
3.946034484780958e-001	9.055321e+000	-9.055321e+000
3.946187072671583e-001	9.055323e+000	-9.055323e+000
3.946492248452833e-001	9.055332e+000	-9.055332e+000
3.947102600015333e-001	9.055359e+000	-9.055359e+000
3.948323303140333e-001	9.055438e+000	-9.055438e+000
3.950764709390333e-001	9.055658e+000	-9.055658e+000
3.954949372484582e-001	9.056118e+000	-9.056118e+000
3.957516814544814e-001	9.056411e+000	-9.056411e+000
3.960529767414687e-001	9.056707e+000	-9.056707e+000
3.964408251140372e-001	9.056928e+000	-9.056928e+000
3.970691955356189e-001	9.056960e+000	-9.056960e+000
3.979441867154783e-001	9.056726e+000	-9.056726e+000
3.986497721939799e-001	9.056479e+000	-9.056479e+000
3.992761185292734e-001	9.056263e+000	-9.056263e+000
3.999011884352827e-001	9.056050e+000	-9.056050e+000
4.004883173951029e-001	9.055852e+000	-9.055852e+000
4.012566278488577e-001	9.055595e+000	-9.055595e+000
4.022331903488577e-001	9.055368e+000	-9.055368e+000
4.030714806742438e-001	9.055386e+000	-9.055386e+000
4.031863233322772e-001	9.055443e+000	-9.055443e+000
4.034160086483440e-001	9.055659e+000	-9.055659e+000
4.038753792804778e-001	9.056167e+000	-9.056167e+000
4.041552188042620e-001	9.056482e+000	-9.056482e+000
4.044124116860193e-001	9.056726e+000	-9.056726e+000
4.048165970560573e-001	9.056937e+000	-9.056937e+000
4.054708866762000e-001	9.056953e+000	-9.056953e+000
4.064474491762000e-001	9.056683e+000	-9.056683e+000
4.073947407130330e-001	9.056354e+000	-9.056354e+000
4.083713032130330e-001	9.056020e+000	-9.056020e+000
4.093478657130330e-001	9.055691e+000	-9.055691e+000
4.103244282130330e-001	9.055442e+000	-9.055442e+000
4.113009907130330e-001	9.055347e+000	-9.055347e+000
4.113162495020955e-001	9.055349e+000	-9.055349e+000
4.113467670802205e-001	9.055361e+000	-9.055361e+000
4.114078022364705e-001	9.055391e+000	-9.055391e+000
4.115298725489705e-001	9.055475e+000	-9.055475e+000
4.117740131739705e-001	9.055701e+000	-9.055701e+000
4.121731681742564e-001	9.056143e+000	-9.056143e+000
4.124254074467631e-001	9.056430e+000	-9.056430e+000
4.127222691534643e-001	9.056719e+000	-9.056719e+000
4.131117616100143e-001	9.056936e+000	-9.056936e+000
4.137427443037547e-001	9.056967e+000	-9.056967e+000
4.146154489215572e-001	9.056732e+000	-9.056732e+000
4.153174867112297e-001	9.056487e+000	-9.056487e+000
4.159437925891502e-001	9.056271e+000	-9.056271e+000
4.165688201942977e-001	9.056058e+000	-9.056058e+000
4.171564450822598e-001	9.055860e+000	-9.055860e+000
4.179269190366455e-001	9.055602e+000	-9.055602e+000
4.189034815366455e-001	9.055375e+000	-9.055375e+000
4.197396405460172e-001	9.055391e+000	-9.055391e+000
4.198543757693611e-001	9.055449e+000	-9.055449e+000
4.200838462160489e-001	9.055665e+000	-9.055665e+000
4.205427871094247e-001	9.056171e+000	-9.056171e+000
4.208232019271409e-001	9.056487e+000	-9.056487e+000
4.210795676619163e-001	9.056728e+000	-9.056728e+000
4.214840591529644e-001	9.056939e+000	-9.056939e+000
4.221388336114282e-001	9.056954e+000	-9.056954e+000
4.231153961114282e-001	9.056684e+000	-9.056684e+000
4.240636330880707e-001	9.056355e+000	-9.056355e+000
4.250401955880707e-001	9.056021e+000	-9.056021e+000
4.260167580880707e-001	9.055693e+000	-9.055693e+000
4.269933205880707e-001	9.055443e+000	-9.055443e+000
4.279698830880707e-001	9.055350e+000	-9.055350e+000
4.279851418771332e-001	9.055352e+000	-9.055352e+000
4.280156594552582e-001	9.055365e+000	-9.055365e+000
4.280766946115082e-001	9.055395e+000	-9.055395e+000
4.281987649240082e-001	9.055479e+000	-9.055479e+000
4.284429055490082e-001	9.055705e+000	-9.055705e+000
4.288406676545025e-001	9.056146e+000	-9.056146e+000
4.290935538181697e-001	9.056433e+000	-9.056433e+000
4.293894861592978e-001	9.056720e+000	-9.056720e+000
4.297793231878995e-001	9.056937e+000	-9.056937e+000
4.304108532614452e-001	9.056968e+000	-9.056968e+000
4.312819959908655e-001	9.056734e+000	-9.056734e+000
4.319818788247095e-001	9.056489e+000	-9.056489e+000
4.326083421132499e-001	9.056273e+000	-9.056273e+000
4.332335541829993e-001	9.056060e+000	-9.056060e+000
4.338218577122342e-001	9.055861e+000	-9.055861e+000
4.345896993923192e-001	9.055605e+000	-9.055605e+000
4.355662618923192e-001	9.055377e+000	-9.055377e+000
4.364047061147147e-001	9.055392e+000	-9.055392e+000
4.365195565345114e-001	9.055449e+000	-9.055449e+000
4.367492573741048e-001	9.055666e+000	-9.055666e+000
4.372086590532915e-001	9.056171e+000	-9.056171e+000
4.374884570027480e-001	9.056486e+000	-9.056486e+000
4.377457096589315e-001	9.056728e+000	-9.056728e+000
4.381498729066249e-001	9.056939e+000	-9.056939e+000
4.388041274879082e-001	9.056955e+000	-9.056955e+000
4.397806899879082e-001	9.056684e+000	-9.056684e+000
4.407285228458009e-001	9.056355e+000	-9.056355e+000
4.417050853458009e-001	9.056021e+000	-9.056021e+000
4.426816478458009e-001	9.055693e+000	-9.055693e+000
4.436582103458009e-001	9.055444e+000	-9.055444e+000
4.446347728458009e-001	9.055349e+000	-9.055349e+000
4.446500316348634e-001	9.055351e+000	-9.055351e+000
4.446805492129884e-001	9.055363e+000	-9.055363e+000
4.447415843692384e-001	9.055393e+000	-9.055393e+000
4.448636546817384e-001	9.055477e+000	-9.055477e+000
4.451077953067384e-001	9.055703e+000	-9.055703e+000
4.455066694473841e-001	9.056145e+000	-9.056145e+000
4.457590391685012e-001	9.056431e+000	-9.056431e+000
4.460557134660658e-001	9.056720e+000	-9.056720e+000
4.464452754081671e-001	9.056937e+000	-9.056937e+000
4.470763684881908e-001	9.056968e+000	-9.056968e+000
4.479462976045686e-001	9.056734e+000	-9.056734e+000
4.486446728973733e-001	9.056490e+000	-9.056490e+000
4.492713860107945e-001	9.056273e+000	-9.056273e+000
4.498968882072695e-001	9.056060e+000	-9.056060e+000
4.504859590680915e-001	9.055861e+000	-9.055861e+000
4.512488889289822e-001	9.055607e+000	-9.055607e+000
4.522254514289822e-001	9.055379e+000	-9.055379e+000
4.530682887662724e-001	9.055391e+000	-9.055391e+000
4.531833609901779e-001	9.055449e+000	-9.055449e+000
4.534135054379887e-001	9.055664e+000	-9.055664e+000
4.538737943336104e-001	9.056170e+000	-9.056170e+000
4.541524035807881e-001	9.056483e+000	-9.056483e+000
4.544113652987660e-001	9.056728e+000	-9.056728e+000
4.548148960117660e-001	9.056939e+000	-9.056939e+000
4.554681486730197e-001	9.056955e+000	-9.056955e+000
4.564447111730197e-001	9.056685e+000	-9.056685e+000
4.573915835900233e-001	9.056356e+000	-9.056356e+000
4.583681460900233e-001	9.056023e+000	-9.056023e+000
4.593447085900233e-001	9.055694e+000	-9.055694e+000
4.603212710900233e-001	9.055444e+000	-9.055444e+000
4.612978335900233e-001	9.055346e+000	-9.055346e+000
4.613130923790858e-001	9.055348e+000	-9.055348e+000
4.613436099572108e-001	9.055360e+000	-9.055360e+000
4.614046451134608e-001	9.055389e+000	-9.055389e+000
4.615267154259608e-001	9.055472e+000	-9.055472e+000
4.617708560509608e-001	9.055698e+000	-9.055698e+000
4.621719866644166e-001	9.056142e+000	-9.056142e+000
4.624233081791667e-001	9.056427e+000	-9.056427e+000
4.627214883583012e-001	9.056718e+000	-9.056718e+000
4.631104919420334e-001	9.056936e+000	-9.056936e+000
4.637406979585235e-001	9.056967e+000	-9.056967e+000
4.646095610748176e-001	9.056734e+000	-9.056734e+000
4.653067099581106e-001	9.056490e+000	-9.056490e+000
4.659337154957415e-001	9.056273e+000	-9.056273e+000
4.665595563775389e-001	9.056061e+000	-9.056061e+000
4.671494370377012e-001	9.055861e+000	-9.055861e+000
4.679064203476601e-001	9.055608e+000	-9.055608e+000
4.688829828476601e-001	9.055380e+000	-9.055380e+000
4.697311811141954e-001	9.055390e+000	-9.055390e+000
4.698465246350192e-001	9.055447e+000	-9.055447e+000
4.700772116766667e-001	9.055662e+000	-9.055662e+000
4.705385857599618e-001	9.056169e+000	-9.056169e+000
4.708157393401922e-001	9.056480e+000	-9.056480e+000
4.710767938910564e-001	9.056727e+000	-9.056727e+000
4.714795499898955e-001	9.056939e+000	-9.056939e+000
4.721315754993534e-001	9.056956e+000	-9.056956e+000
4.731081379993534e-001	9.056685e+000	-9.056685e+000
4.740537845382963e-001	9.056357e+000	-9.056357e+000
4.750303470382963e-001	9.056023e+000	-9.056023e+000
4.760069095382963e-001	9.055695e+000	-9.055695e+000
4.769834720382963e-001	9.055444e+000	-9.055444e+000
4.779600345382963e-001	9.055343e+000	-9.055343e+000
4.779752933273588e-001	9.055345e+000	-9.055345e+000
4.780058109054838e-001	9.055356e+000	-9.055356e+000
4.780668460617338e-001	9.055385e+000	-9.055385e+000
4.781889163742338e-001	9.055468e+000	-9.055468e+000
4.784330569992338e-001	9.055693e+000	-9.055693e+000
4.788369817311803e-001	9.056138e+000	-9.056138e+000
4.790870047719036e-001	9.056422e+000	-9.056422e+000
4.793870502930193e-001	9.056715e+000	-9.056715e+000
4.797753621595078e-001	9.056934e+000	-9.056934e+000
4.804044691090482e-001	9.056966e+000	-9.056966e+000
4.812723226771489e-001	9.056733e+000	-9.056733e+000
4.819683619701456e-001	9.056490e+000	-9.056490e+000
4.825956805960789e-001	9.056273e+000	-9.056273e+000
4.832218836001995e-001	9.056060e+000	-9.056060e+000
4.838125965178322e-001	9.055861e+000	-9.055861e+000
4.845631503295126e-001	9.055610e+000	-9.055610e+000
4.855397128295126e-001	9.055381e+000	-9.055381e+000
4.863937342825148e-001	9.055388e+000	-9.055388e+000
4.865093732864748e-001	9.055445e+000	-9.055445e+000
4.867406512943947e-001	9.055659e+000	-9.055659e+000
4.872032073102346e-001	9.056167e+000	-9.056167e+000
4.874787732866199e-001	9.056477e+000	-9.056477e+000
4.877421102816393e-001	9.056726e+000	-9.056726e+000
4.881440215282151e-001	9.056938e+000	-9.056938e+000
4.887947083870582e-001	9.056956e+000	-9.056956e+000
4.897712708870582e-001	9.056686e+000	-9.056686e+000
4.907155511549373e-001	9.056358e+000	-9.056358e+000
4.916921136549373e-001	9.056024e+000	-9.056024e+000
4.926686761549373e-001	9.055695e+000	-9.055695e+000
4.936452386549373e-001	9.055443e+000	-9.055443e+000
4.946218011549373e-001	9.055338e+000	-9.055338e+000
4.946370599439998e-001	9.055340e+000	-9.055340e+000
4.946675775221248e-001	9.055351e+000	-9.055351e+000
4.947286126783748e-001	9.055380e+000	-9.055380e+000
4.948506829908748e-001	9.055462e+000	-9.055462e+000
4.950948236158748e-001	9.055685e+000	-9.055685e+000
4.955018137174134e-001	9.056134e+000	-9.056134e+000
4.957532158697386e-001	9.056420e+000	-9.056420e+000
4.960535475033808e-001	9.056714e+000	-9.056714e+000
4.964417532643147e-001	9.056933e+000	-9.056933e+000
4.970706916098172e-001	9.056966e+000	-9.056966e+000
4.979371510320657e-001	9.056733e+000	-9.056733e+000
4.986320685760050e-001	9.056490e+000	-9.056490e+000
4.992596172700018e-001	9.056273e+000	-9.056273e+000
4.998860948923423e-001	9.056060e+000	-9.056060e+000
5.004773779908526e-001	9.055860e+000	-9.055860e+000
5.012259234724699e-001	9.055610e+000	-9.055610e+000
5.022024859724699e-001	9.055381e+000	-9.055381e+000
5.030587868368872e-001	9.055388e+000	-9.055388e+000
5.031745417312721e-001	9.055444e+000	-9.055444e+000
5.034060515200417e-001	9.055658e+000	-9.055658e+000
5.038690710975811e-001	9.056166e+000	-9.056166e+000
5.041440137870193e-001	9.056475e+000	-9.056475e+000
5.044082468380705e-001	9.056726e+000	-9.056726e+000
5.048098263899775e-001	9.056937e+000	-9.056937e+000
5.054599876210416e-001	9.056955e+000	-9.056955e+000
5.064365501210416e-001	9.056685e+000	-9.056685e+000
5.073802674833590e-001	9.056358e+000	-9.056358e+000
5.083568299833590e-001	9.056025e+000	-9.056025e+000
5.093333924833590e-001	9.055696e+000	-9.055696e+000
5.103099549833590e-001	9.055443e+000	-9.055443e+000
5.112865174833590e-001	9.055336e+000	-9.055336e+000
5.113017762724215e-001	9.055338e+000	-9.055338e+000
5.113322938505465e-001	9.055349e+000	-9.055349e+000
5.113933290067965e-001	9.055378e+000	-9.055378e+000
5.115153993192965e-001	9.055459e+000	-9.055459e+000
5.117595399442965e-001	9.055682e+000	-9.055682e+000
5.121677499884954e-001	9.056132e+000	-9.056132e+000
5.124197195290103e-001	9.056419e+000	-9.056419e+000
5.127201535364111e-001	9.056713e+000	-9.056713e+000
5.131083213312816e-001	9.056932e+000	-9.056932e+000
5.137371993470224e-001	9.056965e+000	-9.056965e+000
5.146022070425905e-001	9.056733e+000	-9.056733e+000
5.152970507370771e-001	9.056490e+000	-9.056490e+000
5.159248193724881e-001	9.056273e+000	-9.056273e+000
5.165515724894063e-001	9.056060e+000	-9.056060e+000
5.171430764060666e-001	9.055860e+000	-9.055860e+000
5.179061337578785e-001	9.055605e+000	-9.055605e+000
5.188826962578785e-001	9.055377e+000	-9.055377e+000
5.197310625923213e-001	9.055388e+000	-9.055388e+000
5.198464146297082e-001	9.055445e+000	-9.055445e+000
5.200771187044819e-001	9.055660e+000	-9.055660e+000
5.205385268540294e-001	9.056167e+000	-9.056167e+000
5.208156347071704e-001	9.056479e+000	-9.056479e+000
5.210767549994465e-001	9.056726e+000	-9.056726e+000
5.214794867648037e-001	9.056938e+000	-9.056938e+000
5.221314737216799e-001	9.056955e+000	-9.056955e+000
5.231080362216799e-001	9.056684e+000	-9.056684e+000
5.240534434778764e-001	9.056356e+000	-9.056356e+000
5.250300059778764e-001	9.056023e+000	-9.056023e+000
5.260065684778764e-001	9.055694e+000	-9.055694e+000
5.269831309778764e-001	9.055443e+000	-9.055443e+000
5.279596934778764e-001	9.055342e+000	-9.055342e+000
5.279749522669389e-001	9.055344e+000	-9.055344e+000
5.280054698450639e-001	9.055355e+000	-9.055355e+000
5.280665050013139e-001	9.055385e+000	-9.055385e+000
5.281885753138139e-001	9.055467e+000	-9.055467e+000
5.284327159388139e-001	9.055692e+000	-9.055692e+000
5.288368540482084e-001	9.056138e+000	-9.056138e+000
5.290869301911797e-001	9.056422e+000	-9.056422e+000
5.293870225515960e-001	9.056715e+000	-9.056715e+000
5.297753170477508e-001	9.056933e+000	-9.056933e+000
5.304043963956948e-001	9.056966e+000	-9.056966e+000
5.312678664817050e-001	9.056735e+000	-9.056735e+000
5.319625803144710e-001	9.056492e+000	-9.056492e+000
5.325905438579134e-001	9.056275e+000	-9.056275e+000
5.332175441271032e-001	9.056061e+000	-9.056061e+000
5.338092105884001e-001	9.055861e+000	-9.055861e+000
5.345868683344104e-001	9.055602e+000	-9.055602e+000
5.355634308344104e-001	9.055374e+000	-9.055374e+000
5.364035389692008e-001	9.055389e+000	-9.055389e+000
5.365184733440693e-001	9.055447e+000	-9.055447e+000
5.367483420938065e-001	9.055662e+000	-9.055662e+000
5.372080795932808e-001	9.056169e+000	-9.056169e+000
5.374874277555548e-001	9.056483e+000	-9.056483e+000
5.377453271001372e-001	9.056727e+000	-9.056727e+000
5.381492510079398e-001	9.056938e+000	-9.056938e+000
5.388031264961528e-001	9.056954e+000	-9.056954e+000
5.397796889961528e-001	9.056684e+000	-9.056684e+000
5.407269243372196e-001	9.056355e+000	-9.056355e+000
5.417034868372196e-001	9.056021e+000	-9.056021e+000
5.426800493372196e-001	9.055693e+000	-9.055693e+000
5.436566118372196e-001	9.055443e+000	-9.055443e+000
5.446331743372196e-001	9.055347e+000	-9.055347e+000
5.446484331262821e-001	9.055349e+000	-9.055349e+000
5.446789507044071e-001	9.055361e+000	-9.055361e+000
5.447399858606571e-001	9.055391e+000	-9.055391e+000
5.448620561731571e-001	9.055475e+000	-9.055475e+000
5.451061967981571e-001	9.055701e+000	-9.055701e+000
5.455060712693728e-001	9.056143e+000	-9.056143e+000
5.457579763491521e-001	9.056429e+000	-9.056429e+000
5.460553181701339e-001	9.056718e+000	-9.056718e+000
5.464446326112397e-001	9.056936e+000	-9.056936e+000
5.470753324987525e-001	9.056968e+000	-9.056968e+000
5.479367118458315e-001	9.056737e+000	-9.056737e+000
5.486309885363203e-001	9.056494e+000	-9.056494e+000
5.492590214373796e-001	9.056277e+000	-9.056277e+000
5.498861322319748e-001	9.056063e+000	-9.056063e+000
5.504776550355067e-001	9.055863e+000	-9.055863e+000
5.512724419054161e-001	9.055598e+000	-9.055598e+000
5.522490044054161e-001	9.055371e+000	-9.055371e+000
5.530779876334363e-001	9.055391e+000	-9.055391e+000
5.531923619285851e-001	9.055449e+000	-9.055449e+000
5.534211105188828e-001	9.055667e+000	-9.055667e+000
5.538786076994781e-001	9.056172e+000	-9.056172e+000
5.541321976577343e-001	9.056459e+000	-9.056459e+000
5.544038545652822e-001	9.056720e+000	-9.056720e+000
5.548026856015644e-001	9.056933e+000	-9.056933e+000
5.554484899385442e-001	9.056954e+000	-9.056954e+000
5.564250524385442e-001	9.056685e+000	-9.056685e+000
5.573638489484952e-001	9.056359e+000	-9.056359e+000
5.583404114484952e-001	9.056025e+000	-9.056025e+000
5.593169739484952e-001	9.055696e+000	-9.055696e+000
5.602935364484952e-001	9.055440e+000	-9.055440e+000
5.612700989484952e-001	9.055321e+000	-9.055321e+000
5.612853577375577e-001	9.055323e+000	-9.055323e+000
5.613158753156827e-001	9.055332e+000	-9.055332e+000
5.613769104719327e-001	9.055359e+000	-9.055359e+000
5.614989807844327e-001	9.055437e+000	-9.055437e+000
5.617431214094327e-001	9.055658e+000	-9.055658e+000
5.621615978431491e-001	9.056118e+000	-9.056118e+000
5.624183467664922e-001	9.056411e+000	-9.056411e+000
5.627196429042317e-001	9.056707e+000	-9.056707e+000
5.631074909612730e-001	9.056928e+000	-9.056928e+000
5.637358608814344e-001	9.056961e+000	-9.056961e+000
5.645966060247980e-001	9.056731e+000	-9.056731e+000
5.652912949735369e-001	9.056488e+000	-9.056488e+000
5.659197632507822e-001	9.056272e+000	-9.056272e+000
5.665473795050497e-001	9.056057e+000	-9.056057e+000
5.671396158514291e-001	9.055858e+000	-9.055858e+000
5.679434511693111e-001	9.055589e+000	-9.055589e+000
5.689200136693111e-001	9.055364e+000	-9.055364e+000
5.697464375193109e-001	9.055386e+000	-9.055386e+000
5.698606833731018e-001	9.055445e+000	-9.055445e+000
5.700891750806837e-001	9.055662e+000	-9.055662e+000
5.705461584958473e-001	9.056170e+000	-9.056170e+000
5.707987617802955e-001	9.056456e+000	-9.056456e+000
5.710704831127492e-001	9.056716e+000	-9.056716e+000
5.714692902937033e-001	9.056931e+000	-9.056931e+000
5.721150568048271e-001	9.056952e+000	-9.056952e+000
5.730916193048271e-001	9.056684e+000	-9.056684e+000
5.740298132113981e-001	9.056357e+000	-9.056357e+000
5.750063757113981e-001	9.056023e+000	-9.056023e+000
5.759829382113981e-001	9.055695e+000	-9.055695e+000
5.769595007113981e-001	9.055438e+000	-9.055438e+000
5.779360632113981e-001	9.055319e+000	-9.055319e+000
5.779513220004606e-001	9.055321e+000	-9.055321e+000
5.779818395785856e-001	9.055330e+000	-9.055330e+000
5.780428747348356e-001	9.055357e+000	-9.055357e+000
5.781649450473356e-001	9.055435e+000	-9.055435e+000
5.784090856723356e-001	9.055656e+000	-9.055656e+000
5.788280011728019e-001	9.056117e+000	-9.056117e+000
5.790849546831602e-001	9.056410e+000	-9.056410e+000
5.793862877171123e-001	9.056706e+000	-9.056706e+000
5.797741220900564e-001	9.056927e+000	-9.056927e+000
5.804024702640943e-001	9.056961e+000	-9.056961e+000
5.812616968064912e-001	9.056731e+000	-9.056731e+000
5.819562991866257e-001	9.056488e+000	-9.056488e+000
5.825849952059834e-001	9.056272e+000	-9.056272e+000
5.832128919428783e-001	9.056057e+000	-9.056057e+000
5.838053454729656e-001	9.055858e+000	-9.055858e+000
5.846227836049907e-001	9.055584e+000	-9.055584e+000
5.855993461049907e-001	9.055360e+000	-9.055360e+000
5.864182963856821e-001	9.055386e+000	-9.055386e+000
5.865321680433533e-001	9.055445e+000	-9.055445e+000
5.867599113586955e-001	9.055663e+000	-9.055663e+000
5.872153979893801e-001	9.056170e+000	-9.056170e+000
5.874656658885994e-001	9.056455e+000	-9.056455e+000
5.877372380446563e-001	9.056715e+000	-9.056715e+000
5.881361004627222e-001	9.056930e+000	-9.056930e+000
5.887819545594898e-001	9.056952e+000	-9.056952e+000
5.897585170594898e-001	9.056683e+000	-9.056683e+000
5.906965586365465e-001	9.056356e+000	-9.056356e+000
5.916731211365465e-001	9.056023e+000	-9.056023e+000
5.926496836365465e-001	9.055695e+000	-9.055695e+000
5.936262461365465e-001	9.055437e+000	-9.055437e+000
5.946028086365465e-001	9.055318e+000	-9.055318e+000
5.946180674256090e-001	9.055320e+000	-9.055320e+000
5.946485850037340e-001	9.055330e+000	-9.055330e+000
5.947096201599840e-001	9.055357e+000	-9.055357e+000
5.948316904724840e-001	9.055435e+000	-9.055435e+000
5.950758310974840e-001	9.055655e+000	-9.055655e+000
5.954946973672675e-001	9.056116e+000	-9.056116e+000
5.957516279373847e-001	9.056410e+000	-9.056410e+000
5.960529568342157e-001	9.056706e+000	-9.056706e+000
5.964407927415403e-001	9.056927e+000	-9.056927e+000
5.970691433539465e-001	9.056961e+000	-9.056961e+000
5.979268318344665e-001	9.056731e+000	-9.056731e+000
5.986213415156688e-001	9.056489e+000	-9.056489e+000
5.992502656046246e-001	9.056272e+000	-9.056272e+000
5.998784422112367e-001	9.056058e+000	-9.056058e+000
6.004711089381980e-001	9.055858e+000	-9.055858e+000
6.013019726394823e-001	9.055580e+000	-9.055580e+000
6.022785351394823e-001	9.055357e+000	-9.055357e+000
6.030900837133097e-001	9.055385e+000	-9.055385e+000
6.032035860205236e-001	9.055445e+000	-9.055445e+000
6.034305906349513e-001	9.055664e+000	-9.055664e+000
6.038845998638066e-001	9.056171e+000	-9.056171e+000
6.041376968881654e-001	9.056458e+000	-9.056458e+000
6.044058987749825e-001	9.056715e+000	-9.056715e+000
6.048060090504095e-001	9.056930e+000	-9.056930e+000
6.054538415214736e-001	9.056951e+000	-9.056951e+000
6.064304040214736e-001	9.056681e+000	-9.056681e+000
6.073702821177992e-001	9.056355e+000	-9.056355e+000
6.083468446177992e-001	9.056021e+000	-9.056021e+000
6.093234071177992e-001	9.055693e+000	-9.055693e+000
6.102999696177992e-001	9.055437e+000	-9.055437e+000
6.112765321177992e-001	9.055325e+000	-9.055325e+000
6.112917909068617e-001	9.055326e+000	-9.055326e+000
6.113223084849867e-001	9.055336e+000	-9.055336e+000
6.113833436412367e-001	9.055364e+000	-9.055364e+000
6.115054139537367e-001	9.055444e+000	-9.055444e+000
6.117495545787367e-001	9.055666e+000	-9.055666e+000
6.121640091461575e-001	9.056122e+000	-9.056122e+000
6.124188847607998e-001	9.056413e+000	-9.056413e+000
6.127198430258346e-001	9.056708e+000	-9.056708e+000
6.131078163917785e-001	9.056929e+000	-9.056929e+000
6.137363854442189e-001	9.056962e+000	-9.056962e+000
6.145924551541285e-001	9.056733e+000	-9.056733e+000
6.152868254819131e-001	9.056491e+000	-9.056491e+000
6.159159590640388e-001	9.056273e+000	-9.056273e+000
6.165443943563747e-001	9.056059e+000	-9.056059e+000
6.171372283790884e-001	9.055860e+000	-9.055860e+000
6.179816946878569e-001	9.055577e+000	-9.055577e+000
6.189582571878569e-001	9.055354e+000	-9.055354e+000
6.197620756789728e-001	9.055386e+000	-9.055386e+000
6.198751935501783e-001	9.055447e+000	-9.055447e+000
6.201014292925893e-001	9.055666e+000	-9.055666e+000
6.205539007774112e-001	9.056173e+000	-9.056173e+000
6.208099373569254e-001	9.056464e+000	-9.056464e+000
6.210746372918512e-001	9.056717e+000	-9.056717e+000
6.214760440125097e-001	9.056931e+000	-9.056931e+000
6.221259313480574e-001	9.056950e+000	-9.056950e+000
6.231024938480574e-001	9.056681e+000	-9.056681e+000
6.240443545830958e-001	9.056354e+000	-9.056354e+000
6.250209170830958e-001	9.056019e+000	-9.056019e+000
6.259974795830958e-001	9.055691e+000	-9.055691e+000
6.269740420830958e-001	9.055438e+000	-9.055438e+000
6.279506045830958e-001	9.055330e+000	-9.055330e+000
6.279658633721583e-001	9.055332e+000	-9.055332e+000
6.279963809502833e-001	9.055343e+000	-9.055343e+000
6.280574161065333e-001	9.055371e+000	-9.055371e+000
6.281794864190333e-001	9.055452e+000	-9.055452e+000
6.284236270440333e-001	9.055676e+000	-9.055676e+000
6.288334504839181e-001	9.056129e+000	-9.056129e+000
6.290861705786357e-001	9.056417e+000	-9.056417e+000
6.293867400000108e-001	9.056710e+000	-9.056710e+000
6.297748575752072e-001	9.056931e+000	-9.056931e+000
6.304036557889591e-001	9.056964e+000	-9.056964e+000
6.312580966960638e-001	9.056735e+000	-9.056735e+000
6.319523247888907e-001	9.056493e+000	-9.056493e+000
6.325816689792631e-001	9.056275e+000	-9.056275e+000
6.332103630335565e-001	9.056061e+000	-9.056061e+000
6.338033626314936e-001	9.055861e+000	-9.055861e+000
6.346611988243615e-001	9.055574e+000	-9.055574e+000
6.356377613243615e-001	9.055352e+000	-9.055352e+000
6.364339656757022e-001	9.055387e+000	-9.055387e+000
6.365467061515332e-001	9.055449e+000	-9.055449e+000
6.367721871031952e-001	9.055669e+000	-9.055669e+000
6.372231490065192e-001	9.056175e+000	-9.056175e+000
6.374820662502242e-001	9.056469e+000	-9.056469e+000
6.377433342716909e-001	9.056718e+000	-9.056718e+000
6.381460113564822e-001	9.056931e+000	-9.056931e+000
6.387979116798700e-001	9.056950e+000	-9.056950e+000
6.397744741798700e-001	9.056680e+000	-9.056680e+000
6.407182576800119e-001	9.056352e+000	-9.056352e+000
6.416948201800119e-001	9.056018e+000	-9.056018e+000
6.426713826800119e-001	9.055689e+000	-9.055689e+000
6.436479451800119e-001	9.055438e+000	-9.055438e+000
6.446245076800119e-001	9.055336e+000	-9.055336e+000
6.446397664690744e-001	9.055338e+000	-9.055338e+000
6.446702840471994e-001	9.055349e+000	-9.055349e+000
6.447313192034494e-001	9.055379e+000	-9.055379e+000
6.448533895159494e-001	9.055461e+000	-9.055461e+000
6.450975301409494e-001	9.055686e+000	-9.055686e+000
6.455028271621387e-001	9.056134e+000	-9.056134e+000
6.457534420580710e-001	9.056419e+000	-9.056419e+000
6.460536316380290e-001	9.056713e+000	-9.056713e+000
6.464418900801863e-001	9.056932e+000	-9.056932e+000
6.470709121377427e-001	9.056965e+000	-9.056965e+000
6.479237173651347e-001	9.056737e+000	-9.056737e+000
6.486178036082413e-001	9.056495e+000	-9.056495e+000
6.492473614331620e-001	9.056277e+000	-9.056277e+000
6.498763164054510e-001	9.056063e+000	-9.056063e+000
6.504694835695947e-001	9.055862e+000	-9.055862e+000
6.513404514076979e-001	9.055572e+000	-9.055572e+000
6.523170139076979e-001	9.055350e+000	-9.055350e+000
6.531057408994282e-001	9.055387e+000	-9.055387e+000
6.532181119667940e-001	9.055449e+000	-9.055449e+000
6.534428541015256e-001	9.055671e+000	-9.055671e+000
6.538923383709888e-001	9.056176e+000	-9.056176e+000
6.541540704884553e-001	9.056474e+000	-9.056474e+000
6.544119848708973e-001	9.056718e+000	-9.056718e+000
6.548159032131241e-001	9.056931e+000	-9.056931e+000
6.554697698857341e-001	9.056949e+000	-9.056949e+000
6.564463323857341e-001	9.056679e+000	-9.056679e+000
6.573919654436197e-001	9.056351e+000	-9.056351e+000
6.583685279436197e-001	9.056017e+000	-9.056017e+000
6.593450904436197e-001	9.055688e+000	-9.055688e+000
6.603216529436197e-001	9.055439e+000	-9.055439e+000
6.612982154436197e-001	9.055343e+000	-9.055343e+000
6.613134742326822e-001	9.055345e+000	-9.055345e+000
6.613439918108072e-001	9.055356e+000	-9.055356e+000
6.614050269670572e-001	9.055386e+000	-9.055386e+000
6.615270972795572e-001	9.055470e+000	-9.055470e+000
6.617712379045572e-001	9.055696e+000	-9.055696e+000
6.621721295791958e-001	9.056139e+000	-9.056139e+000
6.624235621063744e-001	9.056425e+000	-9.056425e+000
6.627215828047974e-001	9.056716e+000	-9.056716e+000
6.631106455241742e-001	9.056934e+000	-9.056934e+000
6.637409454940766e-001	9.056967e+000	-9.056967e+000
6.645916748745926e-001	9.056739e+000	-9.056739e+000
6.652853906810633e-001	9.056497e+000	-9.056497e+000
6.659150762289093e-001	9.056279e+000	-9.056279e+000
6.665441987705707e-001	9.056065e+000	-9.056065e+000
6.671373144655528e-001	9.055864e+000	-9.055864e+000
6.680235348220900e-001	9.055569e+000	-9.055569e+000
6.690000973220900e-001	9.055348e+000	-9.055348e+000
6.697790528355166e-001	9.055388e+000	-9.055388e+000
6.698909429220796e-001	9.055450e+000	-9.055450e+000
6.701147230952056e-001	9.055673e+000	-9.055673e+000
6.705622834414575e-001	9.056178e+000	-9.056178e+000
6.708276734920332e-001	9.056480e+000	-9.056480e+000
6.710812296725047e-001	9.056720e+000	-9.056720e+000
6.714867609091596e-001	9.056931e+000	-9.056931e+000
6.721431818961132e-001	9.056948e+000	-9.056948e+000
6.731197443961132e-001	9.056677e+000	-9.056677e+000
6.740677678274679e-001	9.056348e+000	-9.056348e+000
6.750443303274679e-001	9.056014e+000	-9.056014e+000
6.760208928274679e-001	9.055686e+000	-9.055686e+000
6.769974553274679e-001	9.055439e+000	-9.055439e+000
6.779740178274679e-001	9.055349e+000	-9.055349e+000
6.779892423469838e-001	9.055351e+000	-9.055351e+000
6.780196913860155e-001	9.055364e+000	-9.055364e+000
6.780805894640789e-001	9.055395e+000	-9.055395e+000
6.782023856202057e-001	9.055479e+000	-9.055479e+000
6.784459779324594e-001	9.055707e+000	-9.055707e+000
6.788425034801582e-001	9.056147e+000	-9.056147e+000
6.790968155962917e-001	9.056436e+000	-9.056436e+000
6.793906992460149e-001	9.056721e+000	-9.056721e+000
6.797812957772910e-001	9.056937e+000	-9.056937e+000
6.804140322479133e-001	9.056968e+000	-9.056968e+000
6.812621950446494e-001	9.056741e+000	-9.056741e+000
6.819552893006073e-001	9.056499e+000	-9.056499e+000
6.825850092752857e-001	9.056281e+000	-9.056281e+000
6.832141985500166e-001	9.056067e+000	-9.056067e+000
6.838070213971762e-001	9.055866e+000	-9.055866e+000
6.847109395242109e-001	9.055565e+000	-9.055565e+000
6.856875020242109e-001	9.055346e+000	-9.055346e+000
6.864540850530913e-001	9.055389e+000	-9.055389e+000
6.865653689266466e-001	9.055453e+000	-9.055453e+000
6.867879366737572e-001	9.055676e+000	-9.055676e+000
6.872330721679782e-001	9.056180e+000	-9.056180e+000
6.875318142474849e-001	9.056516e+000	-9.056516e+000
6.878018032494808e-001	9.056757e+000	-9.056757e+000
6.882410229573032e-001	9.056952e+000	-9.056952e+000
6.889505890004773e-001	9.056934e+000	-9.056934e+000
6.899271515004773e-001	9.056654e+000	-9.056654e+000
6.909037140004773e-001	9.056315e+000	-9.056315e+000
6.918802765004773e-001	9.055982e+000	-9.055982e+000
6.928568390004773e-001	9.055655e+000	-9.055655e+000
6.938334015004773e-001	9.055420e+000	-9.055420e+000
6.947105707006704e-001	9.055414e+000	-9.055414e+000
6.948273926742465e-001	9.055468e+000	-9.055468e+000
6.950610366213986e-001	9.055676e+000	-9.055676e+000
6.955283245157029e-001	9.056180e+000	-9.056180e+000
6.957975116844148e-001	9.056480e+000	-9.056480e+000
6.960700184061249e-001	9.056739e+000	-9.056739e+000
6.964685347671440e-001	9.056951e+000	-9.056951e+000
6.971138401288897e-001	9.056973e+000	-9.056973e+000
6.979546146460395e-001	9.056746e+000	-9.056746e+000
6.986448591172930e-001	9.056505e+000	-9.056505e+000
6.992738546752705e-001	9.056288e+000	-9.056288e+000
6.999023138540504e-001	9.056073e+000	-9.056073e+000
7.004927643959135e-001	9.055874e+000	-9.055874e+000
7.014418804423475e-001	9.055557e+000	-9.055557e+000
7.024184429423475e-001	9.055340e+000	-9.055340e+000
7.031464822099338e-001	9.055395e+000	-9.055395e+000
7.032558965498654e-001	9.055462e+000	-9.055462e+000
7.034747252297287e-001	9.055687e+000	-9.055687e+000
7.039123825894551e-001	9.056188e+000	-9.056188e+000
7.042209311660147e-001	9.056533e+000	-9.056533e+000
7.045050241784203e-001	9.056777e+000	-9.056777e+000
7.049670444166757e-001	9.056957e+000	-9.056957e+000
7.057123403488341e-001	9.056911e+000	-9.056911e+000
7.066889028488341e-001	9.056623e+000	-9.056623e+000
7.076654653488341e-001	9.056285e+000	-9.056285e+000
7.086420278488341e-001	9.055952e+000	-9.055952e+000
7.096185903488341e-001	9.055625e+000	-9.055625e+000
7.105951528488341e-001	9.055399e+000	-9.055399e+000
7.114165788488797e-001	9.055420e+000	-9.055420e+000
7.115305743226472e-001	9.055478e+000	-9.055478e+000
7.117585652701823e-001	9.055693e+000	-9.055693e+000
7.122145471652526e-001	9.056194e+000	-9.056194e+000
7.124652287474078e-001	9.056476e+000	-9.056476e+000
7.127370755440737e-001	9.056734e+000	-9.056734e+000
7.131358362678140e-001	9.056946e+000	-9.056946e+000
7.137815291141947e-001	9.056971e+000	-9.056971e+000
7.146197895247196e-001	9.056744e+000	-9.056744e+000
7.153098106435776e-001	9.056502e+000	-9.056502e+000
7.159391446439002e-001	9.056285e+000	-9.056285e+000
7.165680057925311e-001	9.056070e+000	-9.056070e+000
7.171618356674647e-001	9.055870e+000	-9.055870e+000
7.181275334120485e-001	9.055548e+000	-9.055548e+000
7.191040959120485e-001	9.055332e+000	-9.055332e+000
7.198206948201874e-001	9.055391e+000	-9.055391e+000
7.199295594821019e-001	9.055459e+000	-9.055459e+000
7.201472888059309e-001	9.055685e+000	-9.055685e+000
7.205827474535890e-001	9.056185e+000	-9.056185e+000
7.208941636743401e-001	9.056534e+000	-9.056534e+000
7.211823811548602e-001	9.056780e+000	-9.056780e+000
7.216510620015826e-001	9.056955e+000	-9.056955e+000
7.224067566433596e-001	9.056902e+000	-9.056902e+000
7.233833191433596e-001	9.056610e+000	-9.056610e+000
7.243598816433596e-001	9.056273e+000	-9.056273e+000
7.253364441433596e-001	9.055941e+000	-9.055941e+000
7.263130066433596e-001	9.055613e+000	-9.055613e+000
7.272895691433596e-001	9.055389e+000	-9.055389e+000
7.280945853734142e-001	9.055418e+000	-9.055418e+000
7.282077627251341e-001	9.055478e+000	-9.055478e+000
7.284341174285739e-001	9.055695e+000	-9.055695e+000
7.288868268354535e-001	9.056195e+000	-9.056195e+000
7.291424089431208e-001	9.056483e+000	-9.056483e+000
7.294076503078963e-001	9.056734e+000	-9.056734e+000
7.298088565983523e-001	9.056945e+000	-9.056945e+000
7.304584262884043e-001	9.056968e+000	-9.056968e+000
7.312925769462373e-001	9.056742e+000	-9.056742e+000
7.319816121370195e-001	9.056501e+000	-9.056501e+000
7.326110143728872e-001	9.056284e+000	-9.056284e+000
7.332399911295293e-001	9.056069e+000	-9.056069e+000
7.338478894871611e-001	9.055864e+000	-9.055864e+000
7.348244519871611e-001	9.055538e+000	-9.055538e+000
7.358010144871611e-001	9.055325e+000	-9.055325e+000
7.364993356999399e-001	9.055388e+000	-9.055388e+000
7.366073268228398e-001	9.055457e+000	-9.055457e+000
7.368233090686396e-001	9.055685e+000	-9.055685e+000
7.372552735602392e-001	9.056183e+000	-9.056183e+000
7.376050045460337e-001	9.056568e+000	-9.056568e+000
7.379209636182808e-001	9.056815e+000	-9.056815e+000
7.384343539980676e-001	9.056951e+000	-9.056951e+000
7.392593608399198e-001	9.056829e+000	-9.056829e+000
7.402359233399198e-001	9.056519e+000	-9.056519e+000
7.412124858399198e-001	9.056182e+000	-9.056182e+000
7.421890483399198e-001	9.055851e+000	-9.055851e+000
7.431656108399198e-001	9.055525e+000	-9.055525e+000
7.441421733399198e-001	9.055313e+000	-9.055313e+000
7.448357569165180e-001	9.055384e+000	-9.055384e+000
7.449435225187858e-001	9.055453e+000	-9.055453e+000
7.451590537233214e-001	9.055682e+000	-9.055682e+000
7.455901161323925e-001	9.056183e+000	-9.056183e+000
7.459402014573383e-001	9.056569e+000	-9.056569e+000
7.462573305164675e-001	9.056816e+000	-9.056816e+000
7.467726028165557e-001	9.056952e+000	-9.056952e+000
7.476005075302052e-001	9.056830e+000	-9.056830e+000
7.483346145425538e-001	9.056600e+000	-9.056600e+000
7.489831493577921e-001	9.056374e+000	-9.056374e+000
7.496336416907385e-001	9.056151e+000	-9.056151e+000
7.502491104484229e-001	9.055943e+000	-9.055943e+000
7.510002797532944e-001	9.055691e+000	-9.055691e+000
7.519768422532944e-001	9.055437e+000	-9.055437e+000
7.529534047532944e-001	9.055330e+000	-9.055330e+000
7.529686635423569e-001	9.055332e+000	-9.055332e+000
7.529991811204819e-001	9.055343e+000	-9.055343e+000
7.530602162767319e-001	9.055371e+000	-9.055371e+000
7.531822865892319e-001	9.055453e+000	-9.055453e+000
7.534264272142319e-001	9.055677e+000	-9.055677e+000
7.538344992746753e-001	9.056128e+000	-9.056128e+000
7.540864046341121e-001	9.056414e+000	-9.056414e+000
7.543868270616067e-001	9.056707e+000	-9.056707e+000
7.547749991509839e-001	9.056927e+000	-9.056927e+000
7.554038839909095e-001	9.056956e+000	-9.056956e+000
7.563804464909095e-001	9.056689e+000	-9.056689e+000
7.573012578158203e-001	9.056370e+000	-9.056370e+000
7.582778203158203e-001	9.056035e+000	-9.056035e+000
7.592543828158203e-001	9.055706e+000	-9.055706e+000
7.602309453158203e-001	9.055433e+000	-9.055433e+000
7.612075078158203e-001	9.055265e+000	-9.055265e+000
7.612227666048828e-001	9.055265e+000	-9.055265e+000
7.612532841830078e-001	9.055271e+000	-9.055271e+000
7.613143193392578e-001	9.055291e+000	-9.055291e+000
7.614363896517578e-001	9.055359e+000	-9.055359e+000
7.616805302767578e-001	9.055567e+000	-9.055567e+000
7.621688115267578e-001	9.056096e+000	-9.056096e+000
7.624199564419555e-001	9.056384e+000	-9.056384e+000
7.627202416605309e-001	9.056684e+000	-9.056684e+000
7.631084646347486e-001	9.056908e+000	-9.056908e+000
7.637374303327745e-001	9.056946e+000	-9.056946e+000
7.645755663220638e-001	9.056724e+000	-9.056724e+000
7.652687608567488e-001	9.056481e+000	-9.056481e+000
7.659005931312777e-001	9.056263e+000	-9.056263e+000
7.665322222687996e-001	9.056048e+000	-9.056048e+000
7.671470293352047e-001	9.055841e+000	-9.055841e+000
7.681143418085573e-001	9.055519e+000	-9.055519e+000
7.690909043085573e-001	9.055305e+000	-9.055305e+000
7.698154545000132e-001	9.055366e+000	-9.055366e+000
7.699247009556196e-001	9.055433e+000	-9.055433e+000
7.701431938668325e-001	9.055662e+000	-9.055662e+000
7.705801796892583e-001	9.056169e+000	-9.056169e+000
7.708896048560513e-001	9.056518e+000	-9.056518e+000
7.711749586446881e-001	9.056766e+000	-9.056766e+000
7.716390152592729e-001	9.056947e+000	-9.056947e+000
7.723874923466311e-001	9.056901e+000	-9.056901e+000
7.733640548466311e-001	9.056612e+000	-9.056612e+000
7.743406173466311e-001	9.056274e+000	-9.056274e+000
7.753171798466311e-001	9.055942e+000	-9.055942e+000
7.762937423466311e-001	9.055614e+000	-9.055614e+000
7.772703048466311e-001	9.055389e+000	-9.055389e+000
7.780867195924393e-001	9.055413e+000	-9.055413e+000
7.782004645864650e-001	9.055472e+000	-9.055472e+000
7.784279545745164e-001	9.055689e+000	-9.055689e+000
7.788829345506192e-001	9.056191e+000	-9.056191e+000
7.791341732040686e-001	9.056474e+000	-9.056474e+000
7.794045889381522e-001	9.056731e+000	-9.056731e+000
7.798038795453872e-001	9.056943e+000	-9.056943e+000
7.804504125580564e-001	9.056968e+000	-9.056968e+000
7.812786209288463e-001	9.056745e+000	-9.056745e+000
7.819678786221755e-001	9.056504e+000	-9.056504e+000
7.825987018638632e-001	9.056286e+000	-9.056286e+000
7.832292882064329e-001	9.056071e+000	-9.056071e+000
7.838675278283145e-001	9.055856e+000	-9.055856e+000
7.848440903283145e-001	9.055531e+000	-9.055531e+000
7.858206528283145e-001	9.055316e+000	-9.055316e+000
7.865070775226972e-001	9.055384e+000	-9.055384e+000
7.866145030330870e-001	9.055453e+000	-9.055453e+000
7.868293540538665e-001	9.055683e+000	-9.055683e+000
7.872590560954254e-001	9.056181e+000	-9.056181e+000
7.876096750779886e-001	9.056567e+000	-9.056567e+000
7.879285663292572e-001	9.056814e+000	-9.056814e+000
7.884466725163470e-001	9.056946e+000	-9.056946e+000
7.892789378609371e-001	9.056817e+000	-9.056817e+000
7.902555003609371e-001	9.056505e+000	-9.056505e+000
7.912320628609371e-001	9.056168e+000	-9.056168e+000
7.922086253609371e-001	9.055838e+000	-9.055838e+000
7.931851878609371e-001	9.055511e+000	-9.055511e+000
7.941617503609371e-001	9.055301e+000	-9.055301e+000
7.948434650225377e-001	9.055375e+000	-9.055375e+000
7.949506672187658e-001	9.055446e+000	-9.055446e+000
7.951650716112221e-001	9.055676e+000	-9.055676e+000
7.955938803961347e-001	9.056177e+000	-9.056177e+000
7.959448493406649e-001	9.056566e+000	-9.056566e+000
7.962648962767092e-001	9.056815e+000	-9.056815e+000
7.967848605997332e-001	9.056945e+000	-9.056945e+000
7.976199830922631e-001	9.056817e+000	-9.056817e+000
7.983454380048597e-001	9.056587e+000	-9.056587e+000
7.989921327373560e-001	9.056363e+000	-9.056363e+000
7.996405076880068e-001	9.056141e+000	-9.056141e+000
8.002563557710389e-001	9.055932e+000	-9.055932e+000
8.010547214476307e-001	9.055664e+000	-9.055664e+000
8.020312839476307e-001	9.055426e+000	-9.055426e+000
8.030078464476307e-001	9.055362e+000	-9.055362e+000
8.030227709506802e-001	9.055365e+000	-9.055365e+000
8.030526199567794e-001	9.055379e+000	-9.055379e+000
8.031123179689776e-001	9.055412e+000	-9.055412e+000
8.032317139933741e-001	9.055501e+000	-9.055501e+000
8.034705060421671e-001	9.055731e+000	-9.055731e+000
8.038576863591261e-001	9.056163e+000	-9.056163e+000
8.041237897659858e-001	9.056465e+000	-9.056465e+000
8.044007289440686e-001	9.056729e+000	-9.056729e+000
8.047976038376762e-001	9.056942e+000	-9.056942e+000
8.054403058288380e-001	9.056963e+000	-9.056963e+000
8.064168683288380e-001	9.056693e+000	-9.056693e+000
8.073539146693355e-001	9.056368e+000	-9.056368e+000
8.083304771693355e-001	9.056033e+000	-9.056033e+000
8.093070396693355e-001	9.055704e+000	-9.055704e+000
8.102836021693355e-001	9.055445e+000	-9.055445e+000
8.112601646693355e-001	9.055317e+000	-9.055317e+000
8.112754234583980e-001	9.055319e+000	-9.055319e+000
8.113059410365230e-001	9.055327e+000	-9.055327e+000
8.113669761927730e-001	9.055353e+000	-9.055353e+000
8.114890465052730e-001	9.055429e+000	-9.055429e+000
8.117331871302730e-001	9.055648e+000	-9.055648e+000
8.121578722868235e-001	9.056112e+000	-9.056112e+000
8.124175156741625e-001	9.056409e+000	-9.056409e+000
8.127193337527019e-001	9.056705e+000	-9.056705e+000
8.131069882287055e-001	9.056926e+000	-9.056926e+000
8.137350505135257e-001	9.056961e+000	-9.056961e+000
8.145663708667976e-001	9.056741e+000	-9.056741e+000
8.152593059126515e-001	9.056499e+000	-9.056499e+000
8.158923546234835e-001	9.056279e+000	-9.056279e+000
8.165253616276720e-001	9.056064e+000	-9.056064e+000
8.171709157796669e-001	9.055846e+000	-9.055846e+000
8.181474782796669e-001	9.055521e+000	-9.055521e+000
8.191240407796669e-001	9.055306e+000	-9.055306e+000
8.198285960021189e-001	9.055371e+000	-9.055371e+000
8.199368844358923e-001	9.055441e+000	-9.055441e+000
8.201534613034390e-001	9.055670e+000	-9.055670e+000
8.205866150385326e-001	9.056172e+000	-9.056172e+000
8.209358783218406e-001	9.056559e+000	-9.056559e+000
8.212502931910609e-001	9.056807e+000	-9.056807e+000
8.217611992472234e-001	9.056947e+000	-9.056947e+000
8.225823780867696e-001	9.056830e+000	-9.056830e+000
8.235589405867696e-001	9.056521e+000	-9.056521e+000
8.245355030867696e-001	9.056185e+000	-9.056185e+000
8.255120655867696e-001	9.055853e+000	-9.055853e+000
8.264886280867696e-001	9.055528e+000	-9.055528e+000
8.274651905867696e-001	9.055315e+000	-9.055315e+000
8.281650187935151e-001	9.055384e+000	-9.055384e+000
8.282730817289218e-001	9.055453e+000	-9.055453e+000
8.284892075997352e-001	9.055682e+000	-9.055682e+000
8.289214593413621e-001	9.056182e+000	-9.056182e+000
8.292710774173376e-001	9.056568e+000	-9.056568e+000
8.295866636875916e-001	9.056816e+000	-9.056816e+000
8.300994543508175e-001	9.056953e+000	-9.056953e+000
8.309235373737074e-001	9.056837e+000	-9.056837e+000
8.316471654800592e-001	9.056610e+000	-9.056610e+000
8.322961326992482e-001	9.056385e+000	-9.056385e+000
8.329471037450097e-001	9.056161e+000	-9.056161e+000
8.335658860891341e-001	9.055951e+000	-9.055951e+000
8.343803190115049e-001	9.055678e+000	-9.055678e+000
8.353568815115049e-001	9.055437e+000	-9.055437e+000
8.363334440115049e-001	9.055366e+000	-9.055366e+000
8.363484372807124e-001	9.055368e+000	-9.055368e+000
8.363784238191274e-001	9.055382e+000	-9.055382e+000
8.364383968959575e-001	9.055414e+000	-9.055414e+000
8.365583430496175e-001	9.055502e+000	-9.055502e+000
8.367982353569377e-001	9.055730e+000	-9.055730e+000
8.371875467874231e-001	9.056163e+000	-9.056163e+000
8.374509533714363e-001	9.056460e+000	-9.056460e+000
8.377317685210871e-001	9.056729e+000	-9.056729e+000
8.381272077574907e-001	9.056943e+000	-9.056943e+000
8.387676320761877e-001	9.056964e+000	-9.056964e+000
8.397441945761877e-001	9.056695e+000	-9.056695e+000
8.406793517321622e-001	9.056370e+000	-9.056370e+000
8.416559142321622e-001	9.056036e+000	-9.056036e+000
8.426324767321622e-001	9.055707e+000	-9.055707e+000
8.436090392321622e-001	9.055445e+000	-9.055445e+000
8.445856017321622e-001	9.055311e+000	-9.055311e+000
8.446008605212247e-001	9.055312e+000	-9.055312e+000
8.446313780993497e-001	9.055321e+000	-9.055321e+000
8.446924132555997e-001	9.055346e+000	-9.055346e+000
8.448144835680997e-001	9.055421e+000	-9.055421e+000
8.450586241930997e-001	9.055636e+000	-9.055636e+000
8.454882426149587e-001	9.056106e+000	-9.056106e+000
8.457501881323795e-001	9.056405e+000	-9.056405e+000
8.460524212486460e-001	9.056703e+000	-9.056703e+000
8.464399217876157e-001	9.056924e+000	-9.056924e+000
8.470677394302099e-001	9.056960e+000	-9.056960e+000
8.478941480158633e-001	9.056741e+000	-9.056741e+000
8.485868151504122e-001	9.056499e+000	-9.056499e+000
8.492206961799470e-001	9.056280e+000	-9.056280e+000
8.498546284106412e-001	9.056064e+000	-9.056064e+000
8.505203032041470e-001	9.055839e+000	-9.055839e+000
8.514968657041470e-001	9.055513e+000	-9.055513e+000
8.524734282041470e-001	9.055301e+000	-9.055301e+000
8.531682704818870e-001	9.055368e+000	-9.055368e+000
8.532760959652550e-001	9.055438e+000	-9.055438e+000
8.534917469319909e-001	9.055669e+000	-9.055669e+000
8.539230488654627e-001	9.056170e+000	-9.056170e+000
8.542730401409331e-001	9.056558e+000	-9.056558e+000
8.545898586535013e-001	9.056807e+000	-9.056807e+000
8.551046314709550e-001	9.056943e+000	-9.056943e+000
8.559317672181203e-001	9.056821e+000	-9.056821e+000
8.569083297181203e-001	9.056510e+000	-9.056510e+000
8.578848922181203e-001	9.056173e+000	-9.056173e+000
8.588614547181203e-001	9.055843e+000	-9.055843e+000
8.598380172181203e-001	9.055517e+000	-9.055517e+000
8.608145797181203e-001	9.055305e+000	-9.055305e+000
8.615046859678058e-001	9.055378e+000	-9.055378e+000
8.616122862731205e-001	9.055449e+000	-9.055449e+000
8.618274868837498e-001	9.055678e+000	-9.055678e+000
8.622578881050084e-001	9.056179e+000	-9.056179e+000
8.626082329111853e-001	9.056566e+000	-9.056566e+000
8.629262187866187e-001	9.056815e+000	-9.056815e+000
8.634428690738941e-001	9.056949e+000	-9.056949e+000
8.642728946296370e-001	9.056826e+000	-9.056826e+000
8.649900185947049e-001	9.056600e+000	-9.056600e+000
8.656375004689431e-001	9.056376e+000	-9.056376e+000
8.662867621726478e-001	9.056152e+000	-9.056152e+000
8.669057390849944e-001	9.055943e+000	-9.055943e+000
8.677511172414671e-001	9.055659e+000	-9.055659e+000
8.687276797414671e-001	9.055428e+000	-9.055428e+000
8.697042422414671e-001	9.055385e+000	-9.055385e+000
8.697189016042461e-001	9.055388e+000	-9.055388e+000
8.697482203298041e-001	9.055404e+000	-9.055404e+000
8.698068577809203e-001	9.055440e+000	-9.055440e+000
8.699241326831525e-001	9.055532e+000	-9.055532e+000
8.701586824876169e-001	9.055761e+000	-9.055761e+000
8.705377049213784e-001	9.056186e+000	-9.056186e+000
8.708141747240658e-001	9.056498e+000	-9.056498e+000
8.710762123286312e-001	9.056743e+000	-9.056743e+000
8.714786045553690e-001	9.056952e+000	-9.056952e+000
8.721300535461299e-001	9.056966e+000	-9.056966e+000
8.731066160461299e-001	9.056695e+000	-9.056695e+000
8.740538447192066e-001	9.056366e+000	-9.056366e+000
8.750304072192066e-001	9.056032e+000	-9.056032e+000
8.760069697192066e-001	9.055703e+000	-9.055703e+000
8.769835322192066e-001	9.055451e+000	-9.055451e+000
8.779600947192066e-001	9.055348e+000	-9.055348e+000
8.779753535082691e-001	9.055351e+000	-9.055351e+000
8.780058710863941e-001	9.055362e+000	-9.055362e+000
8.780669062426441e-001	9.055391e+000	-9.055391e+000
8.781889765551441e-001	9.055473e+000	-9.055473e+000
8.784331171801441e-001	9.055697e+000	-9.055697e+000
8.788370042608756e-001	9.056142e+000	-9.056142e+000
8.790870448025677e-001	9.056425e+000	-9.056425e+000
8.793870651830111e-001	9.056718e+000	-9.056718e+000
8.797753863728840e-001	9.056936e+000	-9.056936e+000
8.804045081373161e-001	9.056970e+000	-9.056970e+000
8.812252746642048e-001	9.056751e+000	-9.056751e+000
8.819173351256808e-001	9.056509e+000	-9.056509e+000
8.825519572995999e-001	9.056291e+000	-9.056291e+000
8.831867020170470e-001	9.056073e+000	-9.056073e+000
8.838731891354084e-001	9.055841e+000	-9.055841e+000
8.848497516354084e-001	9.055516e+000	-9.055516e+000
8.858263141354084e-001	9.055304e+000	-9.055304e+000
8.865093048513207e-001	9.055373e+000	-9.055373e+000
8.866165675141292e-001	9.055443e+000	-9.055443e+000
8.868310928397460e-001	9.055674e+000	-9.055674e+000
8.872601434909798e-001	9.056174e+000	-9.056174e+000
8.876110177119493e-001	9.056562e+000	-9.056562e+000
8.879307518351735e-001	9.056810e+000	-9.056810e+000
8.884502132413625e-001	9.056941e+000	-9.056941e+000
8.892845625886915e-001	9.056811e+000	-9.056811e+000
8.902611250886915e-001	9.056499e+000	-9.056499e+000
8.912376875886915e-001	9.056162e+000	-9.056162e+000
8.922142500886915e-001	9.055832e+000	-9.055832e+000
8.931908125886915e-001	9.055506e+000	-9.055506e+000
8.941673750886915e-001	9.055295e+000	-9.055295e+000
8.948456752825464e-001	9.055370e+000	-9.055370e+000
8.949527158064439e-001	9.055442e+000	-9.055442e+000
8.951667968542387e-001	9.055674e+000	-9.055674e+000
8.955949589498283e-001	9.056175e+000	-9.056175e+000
8.959461810326518e-001	9.056564e+000	-9.056564e+000
8.962670639472765e-001	9.056813e+000	-9.056813e+000
8.967883721815577e-001	9.056943e+000	-9.056943e+000
8.976255601112245e-001	9.056813e+000	-9.056813e+000
8.983368170523102e-001	9.056587e+000	-9.056587e+000
8.989825744521705e-001	9.056363e+000	-9.056363e+000
8.996298656681789e-001	9.056141e+000	-9.056141e+000
9.002486140393973e-001	9.055932e+000	-9.055932e+000
9.011266995546238e-001	9.055637e+000	-9.055637e+000
9.021032620546238e-001	9.055417e+000	-9.055417e+000
9.030798245546238e-001	9.055435e+000	-9.055435e+000
9.031940665397971e-001	9.055490e+000	-9.055490e+000
9.034225505101438e-001	9.055703e+000	-9.055703e+000
9.038795184508371e-001	9.056200e+000	-9.056200e+000
9.041320920260904e-001	9.056481e+000	-9.056481e+000
9.044038152983369e-001	9.056738e+000	-9.056738e+000
9.048026217610213e-001	9.056949e+000	-9.056949e+000
9.054483871332282e-001	9.056967e+000	-9.056967e+000
9.064249496332282e-001	9.056697e+000	-9.056697e+000
9.073673248427675e-001	9.056370e+000	-9.056370e+000
9.083438873427675e-001	9.056035e+000	-9.056035e+000
9.093204498427675e-001	9.055706e+000	-9.055706e+000
9.102970123427675e-001	9.055449e+000	-9.055449e+000
9.112735748427675e-001	9.055332e+000	-9.055332e+000
9.112888336318300e-001	9.055334e+000	-9.055334e+000
9.113193512099550e-001	9.055344e+000	-9.055344e+000
9.113803863662050e-001	9.055370e+000	-9.055370e+000
9.115024566787050e-001	9.055449e+000	-9.055449e+000
9.117465973037050e-001	9.055670e+000	-9.055670e+000
9.121629008115471e-001	9.056126e+000	-9.056126e+000
9.124186374680053e-001	9.056417e+000	-9.056417e+000
9.127197510388206e-001	9.056711e+000	-9.056711e+000
9.131076668059240e-001	9.056931e+000	-9.056931e+000
9.137361443268658e-001	9.056966e+000	-9.056966e+000
9.145519616850564e-001	9.056749e+000	-9.056749e+000
9.152438194646617e-001	9.056507e+000	-9.056507e+000
9.158793643475047e-001	9.056288e+000	-9.056288e+000
9.165151009700714e-001	9.056071e+000	-9.056071e+000
9.172203428633171e-001	9.055833e+000	-9.055833e+000
9.181969053633171e-001	9.055508e+000	-9.055508e+000
9.191734678633171e-001	9.055296e+000	-9.055296e+000
9.198480672911337e-001	9.055368e+000	-9.055368e+000
9.199549327891786e-001	9.055439e+000	-9.055439e+000
9.201686637852685e-001	9.055671e+000	-9.055671e+000
9.205961257774483e-001	9.056171e+000	-9.056171e+000
9.209476216964962e-001	9.056561e+000	-9.056561e+000
9.212694089773919e-001	9.056809e+000	-9.056809e+000
9.217921708781584e-001	9.056937e+000	-9.056937e+000
9.226315919608882e-001	9.056802e+000	-9.056802e+000
9.236081544608882e-001	9.056488e+000	-9.056488e+000
9.245847169608882e-001	9.056151e+000	-9.056151e+000
9.255612794608882e-001	9.055820e+000	-9.055820e+000
9.265378419608882e-001	9.055495e+000	-9.055495e+000
9.275144044608882e-001	9.055285e+000	-9.055285e+000
9.281843825078858e-001	9.055364e+000	-9.055364e+000
9.282910297322122e-001	9.055436e+000	-9.055436e+000
9.285043241808649e-001	9.055670e+000	-9.055670e+000
9.289309130781703e-001	9.056171e+000	-9.056171e+000
9.292827501915476e-001	9.056561e+000	-9.056561e+000
9.296056643425178e-001	9.056811e+000	-9.056811e+000
9.301302372903170e-001	9.056938e+000	-9.056938e+000
9.309724391327531e-001	9.056803e+000	-9.056803e+000
9.316841127965821e-001	9.056576e+000	-9.056576e+000
9.323288263892390e-001	9.056353e+000	-9.056353e+000
9.329749223996015e-001	9.056131e+000	-9.056131e+000
9.336010812263929e-001	9.055920e+000	-9.055920e+000
9.345067470944840e-001	9.055616e+000	-9.055616e+000
9.354833095944840e-001	9.055407e+000	-9.055407e+000
9.364598720944840e-001	9.055458e+000	-9.055458e+000
9.365707361415980e-001	9.055518e+000	-9.055518e+000
9.367924642358262e-001	9.055735e+000	-9.055735e+000
9.372359204242825e-001	9.056224e+000	-9.056224e+000
9.375368719160702e-001	9.056554e+000	-9.056554e+000
9.378100384781402e-001	9.056791e+000	-9.056791e+000
9.382543981571078e-001	9.056977e+000	-9.056977e+000
9.389720364109104e-001	9.056950e+000	-9.056950e+000
9.399485989109104e-001	9.056665e+000	-9.056665e+000
9.409251614109104e-001	9.056327e+000	-9.056327e+000
9.419017239109104e-001	9.055993e+000	-9.055993e+000
9.428782864109104e-001	9.055665e+000	-9.055665e+000
9.438548489109104e-001	9.055432e+000	-9.055432e+000
9.447195124499070e-001	9.055430e+000	-9.055430e+000
9.448356936316292e-001	9.055483e+000	-9.055483e+000
9.450680559950737e-001	9.055693e+000	-9.055693e+000
9.455327807219626e-001	9.056191e+000	-9.056191e+000
9.458054277224952e-001	9.056495e+000	-9.056495e+000
9.460729610114786e-001	9.056746e+000	-9.056746e+000
9.464733188189537e-001	9.056956e+000	-9.056956e+000
9.471215436708116e-001	9.056978e+000	-9.056978e+000
9.479221744450963e-001	9.056763e+000	-9.056763e+000
9.486093978607091e-001	9.056522e+000	-9.056522e+000
9.493081718451002e-001	9.056281e+000	-9.056281e+000
9.499434358162190e-001	9.056065e+000	-9.056065e+000
9.507104594091140e-001	9.055806e+000	-9.055806e+000
9.516870219091140e-001	9.055481e+000	-9.055481e+000
9.526635844091140e-001	9.055271e+000	-9.055271e+000
9.532422384297089e-001	9.055406e+000	-9.055406e+000
9.535583698301674e-001	9.055678e+000	-9.055678e+000
9.538212918200205e-001	9.055997e+000	-9.055997e+000
9.540834580980203e-001	9.056316e+000	-9.056316e+000
9.543857310098095e-001	9.056629e+000	-9.056629e+000
9.547732167884323e-001	9.056864e+000	-9.056864e+000
9.554010109729662e-001	9.056906e+000	-9.056906e+000
9.563775734729662e-001	9.056645e+000	-9.056645e+000
9.572968232280681e-001	9.056327e+000	-9.056327e+000
9.582733857280681e-001	9.055992e+000	-9.055992e+000
9.592499482280681e-001	9.055664e+000	-9.055664e+000
9.602265107280681e-001	9.055394e+000	-9.055394e+000
9.612030732280681e-001	9.055234e+000	-9.055234e+000
9.612183320171306e-001	9.055234e+000	-9.055234e+000
9.612488495952556e-001	9.055241e+000	-9.055241e+000
9.613098847515056e-001	9.055261e+000	-9.055261e+000
9.614319550640056e-001	9.055329e+000	-9.055329e+000
9.616760956890056e-001	9.055539e+000	-9.055539e+000
9.621643769390056e-001	9.056073e+000	-9.056073e+000
9.624189668263059e-001	9.056368e+000	-9.056368e+000
9.627198735521452e-001	9.056670e+000	-9.056670e+000
9.631078660324905e-001	9.056898e+000	-9.056898e+000
9.637364654597883e-001	9.056938e+000	-9.056938e+000
9.645438691881776e-001	9.056726e+000	-9.056726e+000
9.652351496296201e-001	9.056485e+000	-9.056485e+000
9.658721159891636e-001	9.056266e+000	-9.056266e+000
9.665093456855309e-001	9.056048e+000	-9.056048e+000
9.672432252280033e-001	9.055801e+000	-9.055801e+000
9.682197877280033e-001	9.055476e+000	-9.055476e+000
9.691963502280033e-001	9.055266e+000	-9.055266e+000
9.698570310075154e-001	9.055345e+000	-9.055345e+000
9.699632400749610e-001	9.055418e+000	-9.055418e+000
9.701756582098524e-001	9.055653e+000	-9.055653e+000
9.706004944796352e-001	9.056157e+000	-9.056157e+000
9.709530154807032e-001	9.056550e+000	-9.056550e+000
9.712781884802639e-001	9.056801e+000	-9.056801e+000
9.718063908263571e-001	9.056926e+000	-9.056926e+000
9.726541606707058e-001	9.056782e+000	-9.056782e+000
9.736307231707058e-001	9.056466e+000	-9.056466e+000
9.746072856707058e-001	9.056130e+000	-9.056130e+000
9.755838481707058e-001	9.055800e+000	-9.055800e+000
9.765604106707058e-001	9.055475e+000	-9.055475e+000
9.775369731707058e-001	9.055267e+000	-9.055267e+000
9.781932134338687e-001	9.055350e+000	-9.055350e+000
9.782992136769922e-001	9.055424e+000	-9.055424e+000
9.785112141632395e-001	9.055659e+000	-9.055659e+000
9.789352151357340e-001	9.056163e+000	-9.056163e+000
9.792880616009668e-001	9.056556e+000	-9.056556e+000
9.796143096653311e-001	9.056807e+000	-9.056807e+000
9.801442389409451e-001	9.056930e+000	-9.056930e+000
9.809946559048702e-001	9.056786e+000	-9.056786e+000
9.817069740738483e-001	9.056557e+000	-9.056557e+000
9.823499358050004e-001	9.056334e+000	-9.056334e+000
9.829940471783585e-001	9.056114e+000	-9.056114e+000
9.836583921826920e-001	9.055889e+000	-9.055889e+000
9.845870552180833e-001	9.055578e+000	-9.055578e+000
9.855636177180833e-001	9.055352e+000	-9.055352e+000
9.864036160354612e-001	9.055370e+000	-9.055370e+000
9.865185448673015e-001	9.055429e+000	-9.055429e+000
9.867484025309821e-001	9.055647e+000	-9.055647e+000
9.872081178583433e-001	9.056157e+000	-9.056157e+000
9.874874957228244e-001	9.056474e+000	-9.056474e+000
9.877453523627888e-001	9.056719e+000	-9.056719e+000
9.881492920757387e-001	9.056931e+000	-9.056931e+000
9.888031925984859e-001	9.056950e+000	-9.056950e+000
9.897797550984859e-001	9.056679e+000	-9.056679e+000
9.907254988182914e-001	9.056351e+000	-9.056351e+000
9.917020613182914e-001	9.056017e+000	-9.056017e+000
9.926786238182914e-001	9.055688e+000	-9.055688e+000
9.936551863182914e-001	9.055439e+000	-9.055439e+000
9.946317488182914e-001	9.055343e+000	-9.055343e+000
9.946470076073539e-001	9.055345e+000	-9.055345e+000
9.946775251854789e-001	9.055356e+000	-9.055356e+000
9.947385603417289e-001	9.055387e+000	-9.055387e+000
9.948606306542289e-001	9.055470e+000	-9.055470e+000
9.951047712792289e-001	9.055696e+000	-9.055696e+000
9.955055377799319e-001	9.056140e+000	-9.056140e+000
9.957570284620284e-001	9.056426e+000	-9.056426e+000
9.960549656147016e-001	9.056716e+000	-9.056716e+000
9.964440593127001e-001	9.056934e+000	-9.056934e+000
9.970744085003155e-001	9.056969e+000	-9.056969e+000
9.978766322080153e-001	9.056756e+000	-9.056756e+000
9.985672461484776e-001	9.056515e+000	-9.056515e+000
9.992711553448643e-001	9.056272e+000	-9.056272e+000
9.999087742105542e-001	9.056053e+000	-9.056053e+000
1.000000000000000e+000	9.056023e+000	-9.056023e+000
